,commodity,crawl_date,totalWeightSum
0,Strawberries,2020-07-20 01:30:03.591,275248
1,Strawberries,2020-07-20 01:30:03.585,1788248
2,Strawberries,2020-07-20 01:30:03.589,672688
3,Strawberries,2020-07-20 01:30:03.588,4038904
4,Strawberries,2020-07-20 01:35:47.691,624
5,Strawberries,2020-07-20 01:35:47.618,324224
6,Strawberries,2020-07-20 01:35:47.616,2061032
7,Strawberries,2020-07-20 01:35:47.620,787272
8,Strawberries,2020-07-20 01:35:47.614,4808720
9,Strawberries,2020-07-20 01:35:44.694,366304
10,Strawberries,2020-07-20 01:35:44.691,2342312
11,Strawberries,2020-07-20 01:35:44.693,838392
12,Strawberries,2020-07-20 01:35:44.689,5446800
13,Strawberries,2020-07-20 01:35:41.798,1080
14,Strawberries,2020-07-20 01:35:41.719,384696
15,Strawberries,2020-07-20 01:35:41.714,2526256
16,Strawberries,2020-07-20 01:35:41.717,836416
17,Strawberries,2020-07-20 01:35:41.715,5286776
18,Strawberries,2020-07-20 01:35:39.107,3456
19,Strawberries,2020-07-20 01:35:39.104,23632
20,Strawberries,2020-07-20 01:35:39.105,68912
21,Strawberries,2020-07-20 01:35:36.100,21088
22,Strawberries,2020-07-20 01:35:36.098,1220
23,Strawberries,2020-07-20 01:35:35.942,239896
24,Strawberries,2020-07-20 01:35:35.938,1751672
25,Strawberries,2020-07-20 01:35:35.940,570560
26,Strawberries,2020-07-20 01:35:35.936,3650408
27,Strawberries,2020-07-20 01:35:31.983,295920
28,Strawberries,2020-07-20 01:35:31.978,1827640
29,Strawberries,2020-07-20 01:35:31.981,642160
30,Strawberries,2020-07-20 01:35:31.979,4275632
31,Strawberries,2020-07-20 01:35:28.855,275352
32,Strawberries,2020-07-20 01:35:28.854,1707224
33,Strawberries,2020-07-20 01:35:28.857,679472
34,Strawberries,2020-07-20 01:35:28.852,4207936
35,Strawberries,2020-07-20 01:35:25.685,221800
36,Strawberries,2020-07-20 01:35:25.684,1969616
37,Strawberries,2020-07-20 01:35:25.687,872520
38,Strawberries,2020-07-20 01:35:25.682,4961376
39,Strawberries,2020-07-20 01:35:22.647,386744
40,Strawberries,2020-07-20 01:35:22.644,2198096
41,Strawberries,2020-07-20 01:35:22.649,934528
42,Strawberries,2020-07-20 01:35:22.646,5458616
43,Strawberries,2020-07-20 01:35:19.385,356096
44,Strawberries,2020-07-20 01:35:19.381,2336376
45,Strawberries,2020-07-20 01:35:19.386,831944
46,Strawberries,2020-07-20 01:35:19.383,5234840
47,Strawberries,2020-07-20 01:35:16.573,13968
48,Strawberries,2020-07-20 01:35:16.571,107808
49,Strawberries,2020-07-20 01:35:16.569,13904
50,Strawberries,2020-07-20 01:35:13.446,41862
51,Strawberries,2020-07-20 01:35:12.669,10067
52,Strawberries,2020-07-20 01:35:12.671,2264
53,Strawberries,2020-07-20 01:35:12.548,258848
54,Strawberries,2020-07-20 01:35:12.547,1488744
55,Strawberries,2020-07-20 01:35:12.550,586632
56,Strawberries,2020-07-20 01:35:12.545,3442408
57,Strawberries,2020-07-20 01:35:07.609,337056
58,Strawberries,2020-07-20 01:35:07.604,1715712
59,Strawberries,2020-07-20 01:35:07.608,678752
60,Strawberries,2020-07-20 01:35:07.606,4134392
61,Strawberries,2020-07-20 01:35:03.645,258888
62,Strawberries,2020-07-20 01:35:03.643,1675616
63,Strawberries,2020-07-20 01:35:03.646,689104
64,Strawberries,2020-07-20 01:35:03.641,4122744
65,Strawberries,2020-07-20 01:35:00.007,275400
66,Strawberries,2020-07-20 01:35:00.004,1939800
67,Strawberries,2020-07-20 01:35:00.009,782496
68,Strawberries,2020-07-20 01:35:00.006,5013752
69,Strawberries,2020-07-20 01:34:56.090,352088
70,Strawberries,2020-07-20 01:34:56.087,2226584
71,Strawberries,2020-07-20 01:34:56.092,928576
72,Strawberries,2020-07-20 01:34:56.088,5499944
73,Strawberries,2020-07-20 01:34:52.185,405432
74,Strawberries,2020-07-20 01:34:52.182,2331040
75,Strawberries,2020-07-20 01:34:52.183,883944
76,Strawberries,2020-07-20 01:34:52.180,5362648
77,Strawberries,2020-07-20 01:34:48.751,4320
78,Strawberries,2020-07-20 01:34:48.748,136928
79,Strawberries,2020-07-20 01:34:48.750,81368
80,Strawberries,2020-07-20 01:34:46.562,54285
81,Strawberries,2020-07-20 01:34:45.738,30723
82,Strawberries,2020-07-20 01:34:45.257,13
83,Strawberries,2020-07-20 01:34:44.883,35813
84,Strawberries,2020-07-20 01:34:44.696,234288
85,Strawberries,2020-07-20 01:34:44.693,1783824
86,Strawberries,2020-07-20 01:34:44.698,600032
87,Strawberries,2020-07-20 01:34:44.694,4160192
88,Strawberries,2020-07-20 01:34:39.051,329960
89,Strawberries,2020-07-20 01:34:39.047,1952208
90,Strawberries,2020-07-20 01:34:39.049,673560
91,Strawberries,2020-07-20 01:34:39.045,4575840
92,Strawberries,2020-07-20 01:34:35.167,196488
93,Strawberries,2020-07-20 01:34:35.163,1840496
94,Strawberries,2020-07-20 01:34:35.169,609720
95,Strawberries,2020-07-20 01:34:35.165,4528216
96,Strawberries,2020-07-20 01:34:31.155,215840
97,Strawberries,2020-07-20 01:34:31.152,2182648
98,Strawberries,2020-07-20 01:34:31.154,738192
99,Strawberries,2020-07-20 01:34:31.151,4816464
100,Strawberries,2020-07-20 01:34:27.434,332448
101,Strawberries,2020-07-20 01:34:27.428,2441944
102,Strawberries,2020-07-20 01:34:27.433,745816
103,Strawberries,2020-07-20 01:34:27.430,5732632
104,Strawberries,2020-07-20 01:34:23.801,324616
105,Strawberries,2020-07-20 01:34:23.800,2505512
106,Strawberries,2020-07-20 01:34:23.803,656976
107,Strawberries,2020-07-20 01:34:23.798,5479920
108,Strawberries,2020-07-20 01:34:20.676,73856
109,Strawberries,2020-07-20 01:34:20.674,37264
110,Strawberries,2020-07-20 01:34:17.191,29806
111,Strawberries,2020-07-20 01:34:17.012,202240
112,Strawberries,2020-07-20 01:34:17.010,1962376
113,Strawberries,2020-07-20 01:34:17.013,573976
114,Strawberries,2020-07-20 01:34:17.008,4339944
115,Strawberries,2020-07-20 01:34:11.482,280760
116,Strawberries,2020-07-20 01:34:11.475,2070720
117,Strawberries,2020-07-20 01:34:11.479,559648
118,Strawberries,2020-07-20 01:34:11.480,79950
119,Strawberries,2020-07-20 01:34:11.477,4788600
120,Strawberries,2020-07-20 01:34:07.522,5216
121,Strawberries,2020-07-20 01:34:07.410,314432
122,Strawberries,2020-07-20 01:34:07.406,2268720
123,Strawberries,2020-07-20 01:34:07.412,766984
124,Strawberries,2020-07-20 01:34:07.408,5347792
125,Strawberries,2020-07-20 01:34:03.357,5352
126,Strawberries,2020-07-20 01:34:03.246,264280
127,Strawberries,2020-07-20 01:34:03.243,2484368
128,Strawberries,2020-07-20 01:34:03.244,881648
129,Strawberries,2020-07-20 01:34:03.241,5977640
130,Strawberries,2020-07-20 01:34:00.464,1600
131,Strawberries,2020-07-20 01:34:00.462,6000
132,Strawberries,2020-07-20 01:33:59.607,6416
133,Strawberries,2020-07-20 01:33:59.487,382400
134,Strawberries,2020-07-20 01:33:59.482,2744560
135,Strawberries,2020-07-20 01:33:59.485,1086072
136,Strawberries,2020-07-20 01:33:59.483,6705568
137,Strawberries,2020-07-20 01:33:56.728,4000
138,Strawberries,2020-07-20 01:33:55.785,6512
139,Strawberries,2020-07-20 01:33:55.669,441480
140,Strawberries,2020-07-20 01:33:55.668,2762968
141,Strawberries,2020-07-20 01:33:55.671,1057328
142,Strawberries,2020-07-20 01:33:55.666,6789040
143,Strawberries,2020-07-20 01:33:53.041,1600
144,Strawberries,2020-07-20 01:33:52.484,2616
145,Strawberries,2020-07-20 01:33:52.472,17280
146,Strawberries,2020-07-20 01:33:52.470,201832
147,Strawberries,2020-07-20 01:33:52.468,50320
148,Strawberries,2020-07-20 01:33:50.692,4800
149,Strawberries,2020-07-20 01:33:48.776,46518
150,Strawberries,2020-07-20 01:33:48.691,8528
151,Strawberries,2020-07-20 01:33:48.609,230248
152,Strawberries,2020-07-20 01:33:48.607,2248288
153,Strawberries,2020-07-20 01:33:48.611,744248
154,Strawberries,2020-07-20 01:33:48.606,5276864
155,Strawberries,2020-07-20 01:33:44.162,4800
156,Strawberries,2020-07-20 01:33:43.237,6528
157,Strawberries,2020-07-20 01:33:43.126,316856
158,Strawberries,2020-07-20 01:33:43.123,2491032
159,Strawberries,2020-07-20 01:33:43.128,798184
160,Strawberries,2020-07-20 01:33:43.125,5996408
161,Strawberries,2020-07-20 01:33:40.272,2760
162,Strawberries,2020-07-20 01:33:40.270,1728
163,Strawberries,2020-07-20 01:33:39.125,6776
164,Strawberries,2020-07-20 01:33:39.021,341632
165,Strawberries,2020-07-20 01:33:39.017,2538504
166,Strawberries,2020-07-20 01:33:39.019,724968
167,Strawberries,2020-07-20 01:33:39.016,5373056
168,Strawberries,2020-07-20 01:33:35.942,5232
169,Strawberries,2020-07-20 01:33:35.940,24744
170,Strawberries,2020-07-20 01:33:34.837,1288
171,Strawberries,2020-07-20 01:33:34.734,307152
172,Strawberries,2020-07-20 01:33:34.729,2945432
173,Strawberries,2020-07-20 01:33:34.733,880848
174,Strawberries,2020-07-20 01:33:34.731,5954168
175,Strawberries,2020-07-20 01:33:31.820,400
176,Strawberries,2020-07-20 01:33:31.822,4400
177,Strawberries,2020-07-20 01:33:31.817,5760
178,Strawberries,2020-07-20 01:33:31.819,1608
179,Strawberries,2020-07-20 01:33:30.973,11304
180,Strawberries,2020-07-20 01:33:30.871,392664
181,Strawberries,2020-07-20 01:33:30.868,3186760
182,Strawberries,2020-07-20 01:33:30.870,907400
183,Strawberries,2020-07-20 01:33:30.866,6422664
184,Strawberries,2020-07-20 01:33:28.186,1968
185,Strawberries,2020-07-20 01:33:28.188,4800
186,Strawberries,2020-07-20 01:33:28.184,15600
187,Strawberries,2020-07-20 01:33:27.233,12392
188,Strawberries,2020-07-20 01:33:27.148,445240
189,Strawberries,2020-07-20 01:33:27.143,3382200
190,Strawberries,2020-07-20 01:33:27.147,851192
191,Strawberries,2020-07-20 01:33:27.145,6592744
192,Strawberries,2020-07-20 01:33:24.305,5760
193,Strawberries,2020-07-20 01:33:24.303,1600
194,Strawberries,2020-07-20 01:33:24.302,9600
195,Strawberries,2020-07-20 01:33:23.703,5472
196,Strawberries,2020-07-20 01:33:23.693,1768
197,Strawberries,2020-07-20 01:33:23.689,162128
198,Strawberries,2020-07-20 01:33:23.691,7152
199,Strawberries,2020-07-20 01:33:21.804,4800
200,Strawberries,2020-07-20 01:33:21.805,608
201,Strawberries,2020-07-20 01:33:21.800,5520
202,Strawberries,2020-07-20 01:33:21.802,9600
203,Strawberries,2020-07-20 01:33:19.862,59716
204,Strawberries,2020-07-20 01:33:19.773,11728
205,Strawberries,2020-07-20 01:33:19.692,337952
206,Strawberries,2020-07-20 01:33:19.690,3204088
207,Strawberries,2020-07-20 01:33:19.693,665328
208,Strawberries,2020-07-20 01:33:19.688,5143632
209,Strawberries,2020-07-20 01:33:15.399,2248
210,Strawberries,2020-07-20 01:33:15.401,1600
211,Strawberries,2020-07-20 01:33:15.396,2400
212,Strawberries,2020-07-20 01:33:15.398,1056
213,Strawberries,2020-07-20 01:33:14.574,15856
214,Strawberries,2020-07-20 01:33:14.469,372672
215,Strawberries,2020-07-20 01:33:14.468,3810128
216,Strawberries,2020-07-20 01:33:14.471,837368
217,Strawberries,2020-07-20 01:33:14.466,6245760
218,Strawberries,2020-07-20 01:33:11.855,7688
219,Strawberries,2020-07-20 01:33:11.853,15324
220,Strawberries,2020-07-20 01:33:10.754,10896
221,Strawberries,2020-07-20 01:33:10.658,472280
222,Strawberries,2020-07-20 01:33:10.655,3480440
223,Strawberries,2020-07-20 01:33:10.659,759312
224,Strawberries,2020-07-20 01:33:10.656,5888000
225,Strawberries,2020-07-20 01:33:07.712,9016
226,Strawberries,2020-07-20 01:33:07.710,19512
227,Strawberries,2020-07-20 01:33:06.595,11744
228,Strawberries,2020-07-20 01:33:06.502,415992
229,Strawberries,2020-07-20 01:33:06.498,4078016
230,Strawberries,2020-07-20 01:33:06.500,910880
231,Strawberries,2020-07-20 01:33:06.496,6503232
232,Strawberries,2020-07-20 01:33:03.751,3104
233,Strawberries,2020-07-20 01:33:03.749,2304
234,Strawberries,2020-07-20 01:33:02.811,9032
235,Strawberries,2020-07-20 01:33:02.710,402472
236,Strawberries,2020-07-20 01:33:02.706,4602040
237,Strawberries,2020-07-20 01:33:02.708,978696
238,Strawberries,2020-07-20 01:33:02.705,6912280
239,Strawberries,2020-07-20 01:32:59.903,5760
240,Strawberries,2020-07-20 01:32:59.902,6760
241,Strawberries,2020-07-20 01:32:59.900,8
242,Strawberries,2020-07-20 01:32:59.898,27144
243,Strawberries,2020-07-20 01:32:58.821,8904
244,Strawberries,2020-07-20 01:32:58.719,622208
245,Strawberries,2020-07-20 01:32:58.713,4961464
246,Strawberries,2020-07-20 01:32:58.717,891648
247,Strawberries,2020-07-20 01:32:58.715,7248304
248,Strawberries,2020-07-20 01:32:55.830,2400
249,Strawberries,2020-07-20 01:32:55.294,3976
250,Strawberries,2020-07-20 01:32:55.283,12960
251,Strawberries,2020-07-20 01:32:55.280,196928
252,Strawberries,2020-07-20 01:32:55.282,17448
253,Strawberries,2020-07-20 01:32:53.558,4968
254,Strawberries,2020-07-20 01:32:53.556,120
255,Strawberries,2020-07-20 01:32:53.554,960
256,Strawberries,2020-07-20 01:32:51.846,54998
257,Strawberries,2020-07-20 01:32:51.829,35130
258,Strawberries,2020-07-20 01:32:51.740,9128
259,Strawberries,2020-07-20 01:32:51.683,374688
260,Strawberries,2020-07-20 01:32:51.678,3781920
261,Strawberries,2020-07-20 01:32:51.681,792800
262,Strawberries,2020-07-20 01:32:51.680,4060032
263,Strawberries,2020-07-20 01:32:47.591,11640
264,Strawberries,2020-07-20 01:32:47.589,11820
265,Strawberries,2020-07-20 01:32:46.611,14840
266,Strawberries,2020-07-20 01:32:46.517,486400
267,Strawberries,2020-07-20 01:32:46.512,4458432
268,Strawberries,2020-07-20 01:32:46.516,1160296
269,Strawberries,2020-07-20 01:32:46.514,6304696
270,Strawberries,2020-07-20 01:32:43.587,3512
271,Strawberries,2020-07-20 01:32:43.585,16
272,Strawberries,2020-07-20 01:32:43.583,5820
273,Strawberries,2020-07-20 01:32:42.648,37776
274,Strawberries,2020-07-20 01:32:42.547,490912
275,Strawberries,2020-07-20 01:32:42.545,4189016
276,Strawberries,2020-07-20 01:32:42.548,649832
277,Strawberries,2020-07-20 01:32:42.543,5351048
278,Strawberries,2020-07-20 01:32:39.620,4000
279,Strawberries,2020-07-20 01:32:39.618,4872
280,Strawberries,2020-07-20 01:32:39.616,17820
281,Strawberries,2020-07-20 01:32:38.655,54600
282,Strawberries,2020-07-20 01:32:38.553,502440
283,Strawberries,2020-07-20 01:32:38.549,5007128
284,Strawberries,2020-07-20 01:32:38.551,906840
285,Strawberries,2020-07-20 01:32:38.548,5606920
286,Strawberries,2020-07-20 01:32:35.688,20320
287,Strawberries,2020-07-20 01:32:35.686,16
288,Strawberries,2020-07-20 01:32:35.685,16572
289,Strawberries,2020-07-20 01:32:34.828,59432
290,Strawberries,2020-07-20 01:32:34.730,467432
291,Strawberries,2020-07-20 01:32:34.725,5355760
292,Strawberries,2020-07-20 01:32:34.729,857544
293,Strawberries,2020-07-20 01:32:34.727,6327600
294,Strawberries,2020-07-20 01:32:32.063,17744
295,Strawberries,2020-07-20 01:32:32.061,16
296,Strawberries,2020-07-20 01:32:32.059,8172
297,Strawberries,2020-07-20 01:32:31.206,14560
298,Strawberries,2020-07-20 01:32:31.135,617064
299,Strawberries,2020-07-20 01:32:31.131,5503816
300,Strawberries,2020-07-20 01:32:31.136,988760
301,Strawberries,2020-07-20 01:32:31.133,5994104
302,Strawberries,2020-07-20 01:32:28.699,22944
303,Strawberries,2020-07-20 01:32:28.319,5696
304,Strawberries,2020-07-20 01:32:28.307,2592
305,Strawberries,2020-07-20 01:32:28.306,128496
306,Strawberries,2020-07-20 01:32:26.792,18776
307,Strawberries,2020-07-20 01:32:26.790,112
308,Strawberries,2020-07-20 01:32:26.788,6816
309,Strawberries,2020-07-20 01:32:24.746,46761
310,Strawberries,2020-07-20 01:32:24.721,40973
311,Strawberries,2020-07-20 01:32:24.631,223408
312,Strawberries,2020-07-20 01:32:24.545,446488
313,Strawberries,2020-07-20 01:32:24.541,4558016
314,Strawberries,2020-07-20 01:32:24.543,740608
315,Strawberries,2020-07-20 01:32:24.540,4048656
316,Strawberries,2020-07-20 01:32:20.119,15592
317,Strawberries,2020-07-20 01:32:20.117,88
318,Strawberries,2020-07-20 01:32:20.115,900
319,Strawberries,2020-07-20 01:32:19.218,3848
320,Strawberries,2020-07-20 01:32:19.217,312264
321,Strawberries,2020-07-20 01:32:19.130,444152
322,Strawberries,2020-07-20 01:32:19.127,4776952
323,Strawberries,2020-07-20 01:32:19.128,779856
324,Strawberries,2020-07-20 01:32:19.125,4644592
325,Strawberries,2020-07-20 01:32:16.563,29216
326,Strawberries,2020-07-20 01:32:16.561,4800
327,Strawberries,2020-07-20 01:32:16.560,20844
328,Strawberries,2020-07-20 01:32:15.544,380376
329,Strawberries,2020-07-20 01:32:15.453,508456
330,Strawberries,2020-07-20 01:32:15.452,4584408
331,Strawberries,2020-07-20 01:32:15.455,450784
332,Strawberries,2020-07-20 01:32:15.450,3705736
333,Strawberries,2020-07-20 01:32:12.750,42912
334,Strawberries,2020-07-20 01:32:12.748,64
335,Strawberries,2020-07-20 01:32:12.678,19199
336,Strawberries,2020-07-20 01:32:11.823,816
337,Strawberries,2020-07-20 01:32:11.822,821200
338,Strawberries,2020-07-20 01:32:11.736,572584
339,Strawberries,2020-07-20 01:32:11.730,5571464
340,Strawberries,2020-07-20 01:32:11.734,823680
341,Strawberries,2020-07-20 01:32:11.732,5321376
342,Strawberries,2020-07-20 01:32:09.202,84248
343,Strawberries,2020-07-20 01:32:09.201,1728
344,Strawberries,2020-07-20 01:32:09.199,26748
345,Strawberries,2020-07-20 01:32:09.128,10432
346,Strawberries,2020-07-20 01:32:09.126,20865
347,Strawberries,2020-07-20 01:32:08.278,3304
348,Strawberries,2020-07-20 01:32:08.276,1194600
349,Strawberries,2020-07-20 01:32:08.180,577560
350,Strawberries,2020-07-20 01:32:08.179,6644256
351,Strawberries,2020-07-20 01:32:08.182,827376
352,Strawberries,2020-07-20 01:32:08.177,4957848
353,Strawberries,2020-07-20 01:32:05.552,60776
354,Strawberries,2020-07-20 01:32:05.550,7800
355,Strawberries,2020-07-20 01:32:05.471,75728
356,Strawberries,2020-07-20 01:32:05.469,22400
357,Strawberries,2020-07-20 01:32:04.573,825216
358,Strawberries,2020-07-20 01:32:04.495,681352
359,Strawberries,2020-07-20 01:32:04.491,6144032
360,Strawberries,2020-07-20 01:32:04.496,707088
361,Strawberries,2020-07-20 01:32:04.493,3532088
362,Strawberries,2020-07-20 01:32:01.819,1920
363,Strawberries,2020-07-20 01:32:01.818,75912
364,Strawberries,2020-07-20 01:32:01.816,9216
365,Strawberries,2020-07-20 01:32:01.790,22689
366,Strawberries,2020-07-20 01:32:01.370,20840
367,Strawberries,2020-07-20 01:32:01.358,6664
368,Strawberries,2020-07-20 01:32:01.353,322624
369,Strawberries,2020-07-20 01:32:01.356,24568
370,Strawberries,2020-07-20 01:32:01.354,114400
371,Strawberries,2020-07-20 01:31:59.999,205040
372,Strawberries,2020-07-20 01:31:59.792,77240
373,Strawberries,2020-07-20 01:31:59.791,2624
374,Strawberries,2020-07-20 01:31:59.789,17124
375,Strawberries,2020-07-20 01:31:59.459,97671
376,Strawberries,2020-07-20 01:31:59.457,22112
377,Strawberries,2020-07-20 01:31:57.625,51692
378,Strawberries,2020-07-20 01:31:57.530,3936
379,Strawberries,2020-07-20 01:31:57.528,982648
380,Strawberries,2020-07-20 01:31:57.429,549240
381,Strawberries,2020-07-20 01:31:57.427,5377336
382,Strawberries,2020-07-20 01:31:57.431,919752
383,Strawberries,2020-07-20 01:31:57.425,5244136
384,Strawberries,2020-07-20 01:31:52.665,71568
385,Strawberries,2020-07-20 01:31:52.663,3780
386,Strawberries,2020-07-20 01:31:52.594,98520
387,Strawberries,2020-07-20 01:31:52.592,22400
388,Strawberries,2020-07-20 01:31:51.523,1320000
389,Strawberries,2020-07-20 01:31:51.432,434800
390,Strawberries,2020-07-20 01:31:51.428,4980776
391,Strawberries,2020-07-20 01:31:51.433,1050624
392,Strawberries,2020-07-20 01:31:51.430,4488384
393,Strawberries,2020-07-20 01:31:48.470,26456
394,Strawberries,2020-07-20 01:31:48.472,84896
395,Strawberries,2020-07-20 01:31:48.468,5776
396,Strawberries,2020-07-20 01:31:48.467,3912
397,Strawberries,2020-07-20 01:31:48.397,93641
398,Strawberries,2020-07-20 01:31:48.396,24000
399,Strawberries,2020-07-20 01:31:47.430,1557880
400,Strawberries,2020-07-20 01:31:47.343,503760
401,Strawberries,2020-07-20 01:31:47.338,5114544
402,Strawberries,2020-07-20 01:31:47.341,496568
403,Strawberries,2020-07-20 01:31:47.339,3367904
404,Strawberries,2020-07-20 01:31:44.494,51640
405,Strawberries,2020-07-20 01:31:44.496,22464
406,Strawberries,2020-07-20 01:31:44.492,10608
407,Strawberries,2020-07-20 01:31:44.490,11604
408,Strawberries,2020-07-20 01:31:44.407,85175
409,Strawberries,2020-07-20 01:31:44.405,23496
410,Strawberries,2020-07-20 01:31:43.448,1393248
411,Strawberries,2020-07-20 01:31:43.361,564312
412,Strawberries,2020-07-20 01:31:43.358,5295728
413,Strawberries,2020-07-20 01:31:43.363,557480
414,Strawberries,2020-07-20 01:31:43.360,3608168
415,Strawberries,2020-07-20 01:31:40.591,70568
416,Strawberries,2020-07-20 01:31:40.589,6080
417,Strawberries,2020-07-20 01:31:40.588,3096
418,Strawberries,2020-07-20 01:31:40.498,98824
419,Strawberries,2020-07-20 01:31:40.497,27999
420,Strawberries,2020-07-20 01:31:39.582,3648
421,Strawberries,2020-07-20 01:31:39.581,1800888
422,Strawberries,2020-07-20 01:31:39.485,557896
423,Strawberries,2020-07-20 01:31:39.481,5731984
424,Strawberries,2020-07-20 01:31:39.486,498008
425,Strawberries,2020-07-20 01:31:39.483,2670048
426,Strawberries,2020-07-20 01:31:36.656,66520
427,Strawberries,2020-07-20 01:31:36.655,56
428,Strawberries,2020-07-20 01:31:36.653,60
429,Strawberries,2020-07-20 01:31:36.568,107591
430,Strawberries,2020-07-20 01:31:36.566,44889
431,Strawberries,2020-07-20 01:31:35.605,1704824
432,Strawberries,2020-07-20 01:31:35.513,576064
433,Strawberries,2020-07-20 01:31:35.507,5906528
434,Strawberries,2020-07-20 01:31:35.511,1138616
435,Strawberries,2020-07-20 01:31:35.509,5326864
436,Strawberries,2020-07-20 01:31:32.677,54904
437,Strawberries,2020-07-20 01:31:32.675,4608
438,Strawberries,2020-07-20 01:31:32.644,28767
439,Strawberries,2020-07-20 01:31:32.642,21241
440,Strawberries,2020-07-20 01:31:32.117,122840
441,Strawberries,2020-07-20 01:31:32.107,14736
442,Strawberries,2020-07-20 01:31:32.104,524912
443,Strawberries,2020-07-20 01:31:32.105,24696
444,Strawberries,2020-07-20 01:31:32.102,205040
445,Strawberries,2020-07-20 01:31:30.611,173573
446,Strawberries,2020-07-20 01:31:30.425,49184
447,Strawberries,2020-07-20 01:31:30.424,32
448,Strawberries,2020-07-20 01:31:30.422,2736
449,Strawberries,2020-07-20 01:31:30.107,-236709
450,Strawberries,2020-07-20 01:31:30.109,236709
451,Strawberries,2020-07-20 01:31:30.105,101719
452,Strawberries,2020-07-20 01:31:30.104,69656
453,Strawberries,2020-07-20 01:31:29.229,43743
454,Strawberries,2020-07-20 01:31:28.278,45112
455,Strawberries,2020-07-20 01:31:28.187,3264
456,Strawberries,2020-07-20 01:31:28.184,1368920
457,Strawberries,2020-07-20 01:31:28.185,277064
458,Strawberries,2020-07-20 01:31:28.079,480888
459,Strawberries,2020-07-20 01:31:28.076,5142096
460,Strawberries,2020-07-20 01:31:28.077,499048
461,Strawberries,2020-07-20 01:31:28.074,3364288
462,Strawberries,2020-07-20 01:31:23.495,41328
463,Strawberries,2020-07-20 01:31:23.493,40
464,Strawberries,2020-07-20 01:31:23.492,1296
465,Strawberries,2020-07-20 01:31:23.418,11759
466,Strawberries,2020-07-20 01:31:23.416,34551
467,Strawberries,2020-07-20 01:31:22.336,1668728
468,Strawberries,2020-07-20 01:31:22.237,501480
469,Strawberries,2020-07-20 01:31:22.231,5303512
470,Strawberries,2020-07-20 01:31:22.235,531576
471,Strawberries,2020-07-20 01:31:22.233,3134896
472,Strawberries,2020-07-20 01:31:19.278,87992
473,Strawberries,2020-07-20 01:31:19.276,3372
474,Strawberries,2020-07-20 01:31:19.177,6233
475,Strawberries,2020-07-20 01:31:19.175,60056
476,Strawberries,2020-07-20 01:31:18.166,1723784
477,Strawberries,2020-07-20 01:31:18.082,374032
478,Strawberries,2020-07-20 01:31:18.077,5233136
479,Strawberries,2020-07-20 01:31:18.081,319216
480,Strawberries,2020-07-20 01:31:18.079,2443352
481,Strawberries,2020-07-20 01:31:15.141,78488
482,Strawberries,2020-07-20 01:31:15.061,1408
483,Strawberries,2020-07-20 01:31:15.059,82119
484,Strawberries,2020-07-20 01:31:14.006,3648
485,Strawberries,2020-07-20 01:31:14.004,2115984
486,Strawberries,2020-07-20 01:31:13.912,605968
487,Strawberries,2020-07-20 01:31:13.907,5519880
488,Strawberries,2020-07-20 01:31:13.910,662104
489,Strawberries,2020-07-20 01:31:13.908,3705544
490,Strawberries,2020-07-20 01:31:10.879,95376
491,Strawberries,2020-07-20 01:31:10.878,12216
492,Strawberries,2020-07-20 01:31:10.797,7999
493,Strawberries,2020-07-20 01:31:10.796,40953
494,Strawberries,2020-07-20 01:31:09.797,2625536
495,Strawberries,2020-07-20 01:31:09.707,515696
496,Strawberries,2020-07-20 01:31:09.703,6572504
497,Strawberries,2020-07-20 01:31:09.708,645528
498,Strawberries,2020-07-20 01:31:09.705,3778168
499,Strawberries,2020-07-20 01:31:06.870,44088
500,Strawberries,2020-07-20 01:31:06.868,3840
501,Strawberries,2020-07-20 01:31:06.795,953
502,Strawberries,2020-07-20 01:31:06.793,133153
503,Strawberries,2020-07-20 01:31:05.668,12160
504,Strawberries,2020-07-20 01:31:05.667,2541040
505,Strawberries,2020-07-20 01:31:05.574,613544
506,Strawberries,2020-07-20 01:31:05.570,6577784
507,Strawberries,2020-07-20 01:31:05.575,672840
508,Strawberries,2020-07-20 01:31:05.572,3748296
509,Strawberries,2020-07-20 01:31:02.685,34912
510,Strawberries,2020-07-20 01:31:02.687,48728
511,Strawberries,2020-07-20 01:31:02.683,11520
512,Strawberries,2020-07-20 01:31:02.654,8760
513,Strawberries,2020-07-20 01:31:02.652,123033
514,Strawberries,2020-07-20 01:31:02.042,426464
515,Strawberries,2020-07-20 01:31:02.028,12240
516,Strawberries,2020-07-20 01:31:02.024,278328
517,Strawberries,2020-07-20 01:31:02.026,24960
518,Strawberries,2020-07-20 01:31:00.092,59352
519,Strawberries,2020-07-20 01:31:00.094,26784
520,Strawberries,2020-07-20 01:31:00.090,16416
521,Strawberries,2020-07-20 01:31:00.089,8064
522,Strawberries,2020-07-20 01:30:59.793,202112
523,Strawberries,2020-07-20 01:30:59.791,141832
524,Strawberries,2020-07-20 01:30:57.962,41501
525,Strawberries,2020-07-20 01:30:57.933,80152
526,Strawberries,2020-07-20 01:30:57.851,17584
527,Strawberries,2020-07-20 01:30:57.849,2136808
528,Strawberries,2020-07-20 01:30:57.847,771480
529,Strawberries,2020-07-20 01:30:57.745,433976
530,Strawberries,2020-07-20 01:30:57.743,4834312
531,Strawberries,2020-07-20 01:30:57.746,405032
532,Strawberries,2020-07-20 01:30:57.740,2398000
533,Strawberries,2020-07-20 01:30:53.214,54136
534,Strawberries,2020-07-20 01:30:53.215,19232
535,Strawberries,2020-07-20 01:30:53.212,104
536,Strawberries,2020-07-20 01:30:53.210,13824
537,Strawberries,2020-07-20 01:30:53.142,29856
538,Strawberries,2020-07-20 01:30:53.139,108112
539,Strawberries,2020-07-20 01:30:52.365,17600
540,Strawberries,2020-07-20 01:30:52.364,2874336
541,Strawberries,2020-07-20 01:30:52.275,489456
542,Strawberries,2020-07-20 01:30:52.270,5344888
543,Strawberries,2020-07-20 01:30:52.274,465472
544,Strawberries,2020-07-20 01:30:52.272,2557144
545,Strawberries,2020-07-20 01:30:49.746,82128
546,Strawberries,2020-07-20 01:30:49.674,145871
547,Strawberries,2020-07-20 01:30:49.672,112273
548,Strawberries,2020-07-20 01:30:48.638,14720
549,Strawberries,2020-07-20 01:30:48.637,2983656
550,Strawberries,2020-07-20 01:30:48.543,403088
551,Strawberries,2020-07-20 01:30:48.538,4975152
552,Strawberries,2020-07-20 01:30:48.541,262408
553,Strawberries,2020-07-20 01:30:48.540,1960176
554,Strawberries,2020-07-20 01:30:45.589,107704
555,Strawberries,2020-07-20 01:30:45.588,4800
556,Strawberries,2020-07-20 01:30:45.516,144705
557,Strawberries,2020-07-20 01:30:45.514,104320
558,Strawberries,2020-07-20 01:30:44.369,182208
559,Strawberries,2020-07-20 01:30:44.368,3325640
560,Strawberries,2020-07-20 01:30:44.268,451448
561,Strawberries,2020-07-20 01:30:44.266,4864296
562,Strawberries,2020-07-20 01:30:44.269,421024
563,Strawberries,2020-07-20 01:30:44.264,2637720
564,Strawberries,2020-07-20 01:30:41.148,90912
565,Strawberries,2020-07-20 01:30:41.147,840
566,Strawberries,2020-07-20 01:30:41.067,213976
567,Strawberries,2020-07-20 01:30:41.066,319064
568,Strawberries,2020-07-20 01:30:40.139,30400
569,Strawberries,2020-07-20 01:30:40.137,3802576
570,Strawberries,2020-07-20 01:30:40.045,536080
571,Strawberries,2020-07-20 01:30:40.041,5982352
572,Strawberries,2020-07-20 01:30:40.046,525376
573,Strawberries,2020-07-20 01:30:40.043,2356392
574,Strawberries,2020-07-20 01:30:37.239,76856
575,Strawberries,2020-07-20 01:30:37.238,7200
576,Strawberries,2020-07-20 01:30:37.161,330048
577,Strawberries,2020-07-20 01:30:37.159,153375
578,Strawberries,2020-07-20 01:30:36.089,38016
579,Strawberries,2020-07-20 01:30:36.087,3781848
580,Strawberries,2020-07-20 01:30:35.994,482496
581,Strawberries,2020-07-20 01:30:35.988,5967320
582,Strawberries,2020-07-20 01:30:35.992,504888
583,Strawberries,2020-07-20 01:30:35.990,2300040
584,Strawberries,2020-07-20 01:30:33.168,1920
585,Strawberries,2020-07-20 01:30:33.166,87472
586,Strawberries,2020-07-20 01:30:33.164,3600
587,Strawberries,2020-07-20 01:30:33.125,1661
588,Strawberries,2020-07-20 01:30:33.123,11944
589,Strawberries,2020-07-20 01:30:33.122,151921
590,Strawberries,2020-07-20 01:30:32.541,595176
591,Strawberries,2020-07-20 01:30:32.527,35536
592,Strawberries,2020-07-20 01:30:32.525,384600
593,Strawberries,2020-07-20 01:30:30.768,92528
594,Strawberries,2020-07-20 01:30:30.467,4649
595,Strawberries,2020-07-20 01:30:30.465,48816
596,Strawberries,2020-07-20 01:30:30.469,218185
597,Strawberries,2020-07-20 01:30:30.464,225071
598,Strawberries,2020-07-20 01:30:29.696,44
599,Strawberries,2020-07-20 01:30:28.534,58449
600,Strawberries,2020-07-20 01:30:28.428,35896
601,Strawberries,2020-07-20 01:30:28.426,3238424
602,Strawberries,2020-07-20 01:30:28.425,894720
603,Strawberries,2020-07-20 01:30:28.324,414440
604,Strawberries,2020-07-20 01:30:28.323,3952120
605,Strawberries,2020-07-20 01:30:28.326,302768
606,Strawberries,2020-07-20 01:30:28.321,1076048
607,Strawberries,2020-07-20 01:30:23.706,80984
608,Strawberries,2020-07-20 01:30:23.705,14400
609,Strawberries,2020-07-20 01:30:23.632,5064
610,Strawberries,2020-07-20 01:30:23.630,44968
611,Strawberries,2020-07-20 01:30:23.634,274672
612,Strawberries,2020-07-20 01:30:23.629,113304
613,Strawberries,2020-07-20 01:30:22.749,35832
614,Strawberries,2020-07-20 01:30:22.747,3575424
615,Strawberries,2020-07-20 01:30:22.659,334792
616,Strawberries,2020-07-20 01:30:22.655,4901192
617,Strawberries,2020-07-20 01:30:22.661,313008
618,Strawberries,2020-07-20 01:30:22.657,1260536
619,Strawberries,2020-07-20 01:30:19.883,84592
620,Strawberries,2020-07-20 01:30:19.806,3304
621,Strawberries,2020-07-20 01:30:19.802,50415
622,Strawberries,2020-07-20 01:30:19.807,231176
623,Strawberries,2020-07-20 01:30:19.804,219593
624,Strawberries,2020-07-20 01:30:18.694,2816
625,Strawberries,2020-07-20 01:30:18.693,3610232
626,Strawberries,2020-07-20 01:30:18.606,270640
627,Strawberries,2020-07-20 01:30:18.603,4153448
628,Strawberries,2020-07-20 01:30:18.608,166592
629,Strawberries,2020-07-20 01:30:18.604,722632
630,Strawberries,2020-07-20 01:30:15.577,4176
631,Strawberries,2020-07-20 01:30:15.578,92384
632,Strawberries,2020-07-20 01:30:15.575,6360
633,Strawberries,2020-07-20 01:30:15.499,1199
634,Strawberries,2020-07-20 01:30:15.494,54888
635,Strawberries,2020-07-20 01:30:15.497,155912
636,Strawberries,2020-07-20 01:30:15.496,324729
637,Strawberries,2020-07-20 01:30:14.617,35080
638,Strawberries,2020-07-20 01:30:14.615,3484912
639,Strawberries,2020-07-20 01:30:14.532,369008
640,Strawberries,2020-07-20 01:30:14.530,3440032
641,Strawberries,2020-07-20 01:30:14.533,260688
642,Strawberries,2020-07-20 01:30:14.529,1116936
643,Strawberries,2020-07-20 01:30:11.612,1832
644,Strawberries,2020-07-20 01:30:11.614,83664
645,Strawberries,2020-07-20 01:30:11.533,6281
646,Strawberries,2020-07-20 01:30:11.530,55977
647,Strawberries,2020-07-20 01:30:11.535,248248
648,Strawberries,2020-07-20 01:30:11.531,386984
649,Strawberries,2020-07-20 01:30:10.573,40536
650,Strawberries,2020-07-20 01:30:10.571,4356752
651,Strawberries,2020-07-20 01:30:10.484,376168
652,Strawberries,2020-07-20 01:30:10.481,4957568
653,Strawberries,2020-07-20 01:30:10.485,296264
654,Strawberries,2020-07-20 01:30:10.482,1145040
655,Strawberries,2020-07-20 01:30:07.626,52072
656,Strawberries,2020-07-20 01:30:07.628,1832
657,Strawberries,2020-07-20 01:30:07.547,4288
658,Strawberries,2020-07-20 01:30:07.543,72967
659,Strawberries,2020-07-20 01:30:07.545,346144
660,Strawberries,2020-07-20 01:30:07.542,351921
661,Strawberries,2020-07-20 01:30:06.562,63712
662,Strawberries,2020-07-20 01:30:06.454,33600
663,Strawberries,2020-07-20 01:30:06.453,4959144
664,Strawberries,2020-07-20 01:30:06.381,317504
665,Strawberries,2020-07-20 01:30:06.377,5049344
666,Strawberries,2020-07-20 01:30:06.379,263800
667,Strawberries,2020-07-20 01:30:06.376,940984
668,Strawberries,2020-07-20 01:30:03.461,89160
669,Strawberries,2020-07-20 01:30:03.423,24279
670,Strawberries,2020-07-20 01:30:03.425,4000
671,Strawberries,2020-07-20 01:30:03.422,186481
672,Strawberries,2020-07-20 01:30:02.915,54248
673,Strawberries,2020-07-20 01:30:02.852,556536
674,Strawberries,2020-07-20 01:30:02.842,43480
675,Strawberries,2020-07-20 01:30:02.840,312376
676,Strawberries,2020-07-20 01:30:01.102,73976
677,Strawberries,2020-07-20 01:30:00.826,4479
678,Strawberries,2020-07-20 01:30:00.824,48664
679,Strawberries,2020-07-20 01:30:00.828,402752
680,Strawberries,2020-07-20 01:30:00.822,373776
681,Strawberries,2020-07-20 01:29:59.717,60016
682,Strawberries,2020-07-20 01:29:59.143,35040
683,Strawberries,2020-07-20 01:29:59.054,23248
684,Strawberries,2020-07-20 01:29:59.052,3485752
685,Strawberries,2020-07-20 01:29:59.050,717504
686,Strawberries,2020-07-20 01:29:58.954,177224
687,Strawberries,2020-07-20 01:29:58.951,4059744
688,Strawberries,2020-07-20 01:29:58.953,159808
689,Strawberries,2020-07-20 01:29:58.949,528800
690,Strawberries,2020-07-20 01:29:54.677,63200
691,Strawberries,2020-07-20 01:29:54.613,3520
692,Strawberries,2020-07-20 01:29:54.610,51143
693,Strawberries,2020-07-20 01:29:54.615,342144
694,Strawberries,2020-07-20 01:29:54.612,330983
695,Strawberries,2020-07-20 01:29:53.878,74072
696,Strawberries,2020-07-20 01:29:53.754,28992
697,Strawberries,2020-07-20 01:29:53.753,4269792
698,Strawberries,2020-07-20 01:29:53.674,342536
699,Strawberries,2020-07-20 01:29:53.669,4444152
700,Strawberries,2020-07-20 01:29:53.672,208272
701,Strawberries,2020-07-20 01:29:53.671,649048
702,Strawberries,2020-07-20 01:29:50.898,6400
703,Strawberries,2020-07-20 01:29:50.896,91520
704,Strawberries,2020-07-20 01:29:50.894,1168
705,Strawberries,2020-07-20 01:29:50.817,5383
706,Strawberries,2020-07-20 01:29:50.811,88455
707,Strawberries,2020-07-20 01:29:50.814,325160
708,Strawberries,2020-07-20 01:29:50.812,332537
709,Strawberries,2020-07-20 01:29:49.900,44072
710,Strawberries,2020-07-20 01:29:49.778,27840
711,Strawberries,2020-07-20 01:29:49.777,3859400
712,Strawberries,2020-07-20 01:29:49.696,261800
713,Strawberries,2020-07-20 01:29:49.691,3510360
714,Strawberries,2020-07-20 01:29:49.695,61520
715,Strawberries,2020-07-20 01:29:49.693,392904
716,Strawberries,2020-07-20 01:29:46.737,68752
717,Strawberries,2020-07-20 01:29:46.736,872
718,Strawberries,2020-07-20 01:29:46.649,5056
719,Strawberries,2020-07-20 01:29:46.646,97680
720,Strawberries,2020-07-20 01:29:46.648,197168
721,Strawberries,2020-07-20 01:29:46.644,363847
722,Strawberries,2020-07-20 01:29:45.606,31968
723,Strawberries,2020-07-20 01:29:45.481,26944
724,Strawberries,2020-07-20 01:29:45.480,3685248
725,Strawberries,2020-07-20 01:29:45.403,189712
726,Strawberries,2020-07-20 01:29:45.399,1771360
727,Strawberries,2020-07-20 01:29:45.405,136336
728,Strawberries,2020-07-20 01:29:45.401,417208
729,Strawberries,2020-07-20 01:29:42.200,87904
730,Strawberries,2020-07-20 01:29:42.199,64
731,Strawberries,2020-07-20 01:29:42.119,10232
732,Strawberries,2020-07-20 01:29:42.117,143407
733,Strawberries,2020-07-20 01:29:42.120,418319
734,Strawberries,2020-07-20 01:29:42.115,302656
735,Strawberries,2020-07-20 01:29:41.334,117840
736,Strawberries,2020-07-20 01:29:41.175,32792
737,Strawberries,2020-07-20 01:29:41.174,3874224
738,Strawberries,2020-07-20 01:29:41.101,219704
739,Strawberries,2020-07-20 01:29:41.098,3536624
740,Strawberries,2020-07-20 01:29:41.099,183496
741,Strawberries,2020-07-20 01:29:41.096,400568
742,Strawberries,2020-07-20 01:29:38.214,67576
743,Strawberries,2020-07-20 01:29:38.212,2880
744,Strawberries,2020-07-20 01:29:38.137,7183
745,Strawberries,2020-07-20 01:29:38.136,195672
746,Strawberries,2020-07-20 01:29:38.139,353639
747,Strawberries,2020-07-20 01:29:38.134,411145
748,Strawberries,2020-07-20 01:29:37.287,132984
749,Strawberries,2020-07-20 01:29:37.171,17960
750,Strawberries,2020-07-20 01:29:37.170,2907368
751,Strawberries,2020-07-20 01:29:37.106,182088
752,Strawberries,2020-07-20 01:29:37.101,2979360
753,Strawberries,2020-07-20 01:29:37.104,136472
754,Strawberries,2020-07-20 01:29:37.103,382408
755,Strawberries,2020-07-20 01:29:34.284,79296
756,Strawberries,2020-07-20 01:29:34.253,55561
757,Strawberries,2020-07-20 01:29:34.255,73432
758,Strawberries,2020-07-20 01:29:34.251,99592
759,Strawberries,2020-07-20 01:29:33.938,94112
760,Strawberries,2020-07-20 01:29:33.889,177392
761,Strawberries,2020-07-20 01:29:33.878,87976
762,Strawberries,2020-07-20 01:29:33.876,91760
763,Strawberries,2020-07-20 01:29:32.339,327376
764,Strawberries,2020-07-20 01:29:32.341,42336
765,Strawberries,2020-07-20 01:29:32.106,10360
766,Strawberries,2020-07-20 01:29:32.102,203592
767,Strawberries,2020-07-20 01:29:32.107,381319
768,Strawberries,2020-07-20 01:29:32.104,303433
769,Strawberries,2020-07-20 01:29:31.065,91232
770,Strawberries,2020-07-20 01:29:30.416,55435
771,Strawberries,2020-07-20 01:29:30.317,19016
772,Strawberries,2020-07-20 01:29:30.316,1372512
773,Strawberries,2020-07-20 01:29:30.314,500696
774,Strawberries,2020-07-20 01:29:30.231,88616
775,Strawberries,2020-07-20 01:29:30.226,1808152
776,Strawberries,2020-07-20 01:29:30.229,11800
777,Strawberries,2020-07-20 01:29:30.227,10408
778,Strawberries,2020-07-20 01:29:25.850,744
779,Strawberries,2020-07-20 01:29:25.847,55728
780,Strawberries,2020-07-20 01:29:25.852,174880
781,Strawberries,2020-07-20 01:29:25.848,434295
782,Strawberries,2020-07-20 01:29:25.127,17096
783,Strawberries,2020-07-20 01:29:25.125,1951960
784,Strawberries,2020-07-20 01:29:25.054,73360
785,Strawberries,2020-07-20 01:29:25.050,1727824
786,Strawberries,2020-07-20 01:29:25.056,7344
787,Strawberries,2020-07-20 01:29:25.052,15440
788,Strawberries,2020-07-20 01:29:22.450,4081
789,Strawberries,2020-07-20 01:29:22.446,180785
790,Strawberries,2020-07-20 01:29:22.453,40561
791,Strawberries,2020-07-20 01:29:22.452,425999
792,Strawberries,2020-07-20 01:29:22.448,200248
793,Strawberries,2020-07-20 01:29:21.689,100520
794,Strawberries,2020-07-20 01:29:21.550,5960
795,Strawberries,2020-07-20 01:29:21.548,1069000
796,Strawberries,2020-07-20 01:29:21.476,26504
797,Strawberries,2020-07-20 01:29:21.474,508464
798,Strawberries,2020-07-20 01:29:21.478,24312
799,Strawberries,2020-07-20 01:29:21.472,22616
800,Strawberries,2020-07-20 01:29:18.551,9112
801,Strawberries,2020-07-20 01:29:18.549,172368
802,Strawberries,2020-07-20 01:29:18.552,190359
803,Strawberries,2020-07-20 01:29:18.547,571129
804,Strawberries,2020-07-20 01:29:17.754,1824
805,Strawberries,2020-07-20 01:29:17.752,82080
806,Strawberries,2020-07-20 01:29:17.596,21704
807,Strawberries,2020-07-20 01:29:17.595,2767696
808,Strawberries,2020-07-20 01:29:17.514,64984
809,Strawberries,2020-07-20 01:29:17.509,1263200
810,Strawberries,2020-07-20 01:29:17.512,10888
811,Strawberries,2020-07-20 01:29:17.510,34536
812,Strawberries,2020-07-20 01:29:14.382,12065
813,Strawberries,2020-07-20 01:29:14.378,260377
814,Strawberries,2020-07-20 01:29:14.380,600849
815,Strawberries,2020-07-20 01:29:14.377,768984
816,Strawberries,2020-07-20 01:29:13.583,72192
817,Strawberries,2020-07-20 01:29:13.460,26984
818,Strawberries,2020-07-20 01:29:13.459,3315000
819,Strawberries,2020-07-20 01:29:13.378,142512
820,Strawberries,2020-07-20 01:29:13.375,2182064
821,Strawberries,2020-07-20 01:29:13.380,6912
822,Strawberries,2020-07-20 01:29:13.377,7344
823,Strawberries,2020-07-20 01:29:10.254,11904
824,Strawberries,2020-07-20 01:29:10.250,285135
825,Strawberries,2020-07-20 01:29:10.255,470903
826,Strawberries,2020-07-20 01:29:10.252,650639
827,Strawberries,2020-07-20 01:29:09.296,7672
828,Strawberries,2020-07-20 01:29:09.294,76776
829,Strawberries,2020-07-20 01:29:09.153,23216
830,Strawberries,2020-07-20 01:29:09.151,1840736
831,Strawberries,2020-07-20 01:29:09.069,121816
832,Strawberries,2020-07-20 01:29:09.067,1213672
833,Strawberries,2020-07-20 01:29:06.027,43208
834,Strawberries,2020-07-20 01:29:06.032,139592
835,Strawberries,2020-07-20 01:29:06.029,201104
836,Strawberries,2020-07-20 01:29:06.030,532127
837,Strawberries,2020-07-20 01:29:05.550,101960
838,Strawberries,2020-07-20 01:29:05.465,3568
839,Strawberries,2020-07-20 01:29:05.463,2138968
840,Strawberries,2020-07-20 01:29:03.673,154400
841,Strawberries,2020-07-20 01:29:03.424,10991
842,Strawberries,2020-07-20 01:29:03.421,279279
843,Strawberries,2020-07-20 01:29:03.426,522760
844,Strawberries,2020-07-20 01:29:03.419,658968
845,Strawberries,2020-07-20 01:29:03.422,204400
846,Strawberries,2020-07-20 01:29:02.761,9
847,Strawberries,2020-07-20 01:29:02.439,3832
848,Strawberries,2020-07-20 01:29:02.437,120664
849,Strawberries,2020-07-20 01:29:01.833,49984
850,Strawberries,2020-07-20 01:29:01.803,32294
851,Strawberries,2020-07-20 01:29:01.706,3669856
852,Strawberries,2020-07-20 01:29:01.707,1000256
853,Strawberries,2020-07-20 01:29:01.614,156344
854,Strawberries,2020-07-20 01:29:01.609,2342792
855,Strawberries,2020-07-20 01:29:01.613,118680
856,Strawberries,2020-07-20 01:29:01.611,296688
857,Strawberries,2020-07-20 01:28:57.039,12287
858,Strawberries,2020-07-20 01:28:57.033,283032
859,Strawberries,2020-07-20 01:28:57.038,395175
860,Strawberries,2020-07-20 01:28:57.034,636480
861,Strawberries,2020-07-20 01:28:57.036,189352
862,Strawberries,2020-07-20 01:28:56.206,11632
863,Strawberries,2020-07-20 01:28:56.204,213896
864,Strawberries,2020-07-20 01:28:56.084,20160
865,Strawberries,2020-07-20 01:28:56.083,3827904
866,Strawberries,2020-07-20 01:28:55.988,232088
867,Strawberries,2020-07-20 01:28:55.983,2707320
868,Strawberries,2020-07-20 01:28:55.986,131344
869,Strawberries,2020-07-20 01:28:55.985,251072
870,Strawberries,2020-07-20 01:28:52.926,12575
871,Strawberries,2020-07-20 01:28:52.921,297719
872,Strawberries,2020-07-20 01:28:52.924,437536
873,Strawberries,2020-07-20 01:28:52.922,678999
874,Strawberries,2020-07-20 01:28:52.022,10792
875,Strawberries,2020-07-20 01:28:52.020,225544
876,Strawberries,2020-07-20 01:28:51.896,32200
877,Strawberries,2020-07-20 01:28:51.895,3235032
878,Strawberries,2020-07-20 01:28:51.773,131320
879,Strawberries,2020-07-20 01:28:51.771,2251864
880,Strawberries,2020-07-20 01:28:51.774,68504
881,Strawberries,2020-07-20 01:28:51.769,185976
882,Strawberries,2020-07-20 01:28:48.503,10569
883,Strawberries,2020-07-20 01:28:48.500,295671
884,Strawberries,2020-07-20 01:28:48.506,28750
885,Strawberries,2020-07-20 01:28:48.505,274505
886,Strawberries,2020-07-20 01:28:48.502,732145
887,Strawberries,2020-07-20 01:28:47.704,5144
888,Strawberries,2020-07-20 01:28:47.702,241368
889,Strawberries,2020-07-20 01:28:47.585,32928
890,Strawberries,2020-07-20 01:28:47.584,2552648
891,Strawberries,2020-07-20 01:28:47.451,92984
892,Strawberries,2020-07-20 01:28:47.448,1679904
893,Strawberries,2020-07-20 01:28:47.453,50312
894,Strawberries,2020-07-20 01:28:47.450,189456
895,Strawberries,2020-07-20 01:28:44.188,15391
896,Strawberries,2020-07-20 01:28:44.186,388032
897,Strawberries,2020-07-20 01:28:44.190,558976
898,Strawberries,2020-07-20 01:28:44.184,683111
899,Strawberries,2020-07-20 01:28:43.546,9240
900,Strawberries,2020-07-20 01:28:43.544,230312
901,Strawberries,2020-07-20 01:28:43.398,22552
902,Strawberries,2020-07-20 01:28:43.396,3641744
903,Strawberries,2020-07-20 01:28:43.242,149304
904,Strawberries,2020-07-20 01:28:43.238,2090056
905,Strawberries,2020-07-20 01:28:43.243,45488
906,Strawberries,2020-07-20 01:28:43.240,56480
907,Strawberries,2020-07-20 01:28:40.259,17512
908,Strawberries,2020-07-20 01:28:40.256,380600
909,Strawberries,2020-07-20 01:28:40.258,595265
910,Strawberries,2020-07-20 01:28:40.254,513544
911,Strawberries,2020-07-20 01:28:39.550,13840
912,Strawberries,2020-07-20 01:28:39.548,254112
913,Strawberries,2020-07-20 01:28:39.421,21832
914,Strawberries,2020-07-20 01:28:39.420,3317576
915,Strawberries,2020-07-20 01:28:39.295,102376
916,Strawberries,2020-07-20 01:28:39.292,2050656
917,Strawberries,2020-07-20 01:28:39.297,37592
918,Strawberries,2020-07-20 01:28:39.293,75800
919,Strawberries,2020-07-20 01:28:36.508,79
920,Strawberries,2020-07-20 01:28:36.506,107105
921,Strawberries,2020-07-20 01:28:36.509,158968
922,Strawberries,2020-07-20 01:28:36.504,154040
923,Strawberries,2020-07-20 01:28:36.264,8072
924,Strawberries,2020-07-20 01:28:36.262,289920
925,Strawberries,2020-07-20 01:28:36.189,121840
926,Strawberries,2020-07-20 01:28:36.180,32832
927,Strawberries,2020-07-20 01:28:36.182,48992
928,Strawberries,2020-07-20 01:28:34.598,25496
929,Strawberries,2020-07-20 01:28:34.378,11728
930,Strawberries,2020-07-20 01:28:34.373,345840
931,Strawberries,2020-07-20 01:28:34.376,380721
932,Strawberries,2020-07-20 01:28:34.375,385440
933,Strawberries,2020-07-20 01:28:33.782,378
934,Strawberries,2020-07-20 01:28:33.780,13
935,Strawberries,2020-07-20 01:28:33.363,5328
936,Strawberries,2020-07-20 01:28:33.361,419352
937,Strawberries,2020-07-20 01:28:32.688,54725
938,Strawberries,2020-07-20 01:28:32.690,54685
939,Strawberries,2020-07-20 01:28:32.650,39364
940,Strawberries,2020-07-20 01:28:32.543,25408
941,Strawberries,2020-07-20 01:28:32.539,1721200
942,Strawberries,2020-07-20 01:28:32.541,873096
943,Strawberries,2020-07-20 01:28:32.444,55536
944,Strawberries,2020-07-20 01:28:32.442,942600
945,Strawberries,2020-07-20 01:28:32.446,118600
946,Strawberries,2020-07-20 01:28:32.440,69456
947,Strawberries,2020-07-20 01:28:27.871,13497
948,Strawberries,2020-07-20 01:28:27.870,406320
949,Strawberries,2020-07-20 01:28:27.873,340311
950,Strawberries,2020-07-20 01:28:27.868,311353
951,Strawberries,2020-07-20 01:28:27.160,17648
952,Strawberries,2020-07-20 01:28:27.159,449216
953,Strawberries,2020-07-20 01:28:27.006,23840
954,Strawberries,2020-07-20 01:28:27.004,2657272
955,Strawberries,2020-07-20 01:28:26.872,67984
956,Strawberries,2020-07-20 01:28:26.870,1010480
957,Strawberries,2020-07-20 01:28:23.886,17552
958,Strawberries,2020-07-20 01:28:23.881,554521
959,Strawberries,2020-07-20 01:28:23.884,469960
960,Strawberries,2020-07-20 01:28:23.882,433743
961,Strawberries,2020-07-20 01:28:23.096,15120
962,Strawberries,2020-07-20 01:28:23.095,616760
963,Strawberries,2020-07-20 01:28:22.973,22536
964,Strawberries,2020-07-20 01:28:22.971,2373920
965,Strawberries,2020-07-20 01:28:22.838,68032
966,Strawberries,2020-07-20 01:28:22.836,690656
967,Strawberries,2020-07-20 01:28:19.805,17552
968,Strawberries,2020-07-20 01:28:19.801,538784
969,Strawberries,2020-07-20 01:28:19.803,321279
970,Strawberries,2020-07-20 01:28:19.800,530904
971,Strawberries,2020-07-20 01:28:18.965,20104
972,Strawberries,2020-07-20 01:28:18.964,482168
973,Strawberries,2020-07-20 01:28:18.838,21696
974,Strawberries,2020-07-20 01:28:18.836,1935232
975,Strawberries,2020-07-20 01:28:18.669,63432
976,Strawberries,2020-07-20 01:28:18.667,568392
977,Strawberries,2020-07-20 01:28:15.469,19791
978,Strawberries,2020-07-20 01:28:15.467,680999
979,Strawberries,2020-07-20 01:28:15.470,501017
980,Strawberries,2020-07-20 01:28:15.465,390881
981,Strawberries,2020-07-20 01:28:14.698,24696
982,Strawberries,2020-07-20 01:28:14.696,1450784
983,Strawberries,2020-07-20 01:28:14.548,23536
984,Strawberries,2020-07-20 01:28:14.546,2935056
985,Strawberries,2020-07-20 01:28:14.390,32328
986,Strawberries,2020-07-20 01:28:14.388,723160
987,Strawberries,2020-07-20 01:28:11.283,21065
988,Strawberries,2020-07-20 01:28:11.280,672648
989,Strawberries,2020-07-20 01:28:11.285,501017
990,Strawberries,2020-07-20 01:28:11.282,313320
991,Strawberries,2020-07-20 01:28:10.326,20128
992,Strawberries,2020-07-20 01:28:10.323,2165592
993,Strawberries,2020-07-20 01:28:10.325,-20128
994,Strawberries,2020-07-20 01:28:10.148,23896
995,Strawberries,2020-07-20 01:28:10.146,3021568
996,Strawberries,2020-07-20 01:28:09.969,39840
997,Strawberries,2020-07-20 01:28:09.967,518048
998,Strawberries,2020-07-20 01:28:06.819,216
999,Strawberries,2020-07-20 01:28:06.814,411033
1000,Strawberries,2020-07-20 01:28:06.821,556270
1001,Strawberries,2020-07-20 01:28:06.817,115119
1002,Strawberries,2020-07-20 01:28:06.815,50296
1003,Strawberries,2020-07-20 01:28:06.321,49264
1004,Strawberries,2020-07-20 01:28:06.320,2082584
1005,Strawberries,2020-07-20 01:28:06.245,440888
1006,Strawberries,2020-07-20 01:28:06.213,29616
1007,Strawberries,2020-07-20 01:28:03.818,20337
1008,Strawberries,2020-07-20 01:28:03.816,19736
1009,Strawberries,2020-07-20 01:28:03.813,629328
1010,Strawberries,2020-07-20 01:28:03.814,430663
1011,Strawberries,2020-07-20 01:28:03.811,120168
1012,Strawberries,2020-07-20 01:28:02.981,7
1013,Strawberries,2020-07-20 01:28:02.983,213
1014,Strawberries,2020-07-20 01:28:02.473,54424
1015,Strawberries,2020-07-20 01:28:02.471,2559056
1016,Strawberries,2020-07-20 01:28:01.577,30376
1017,Strawberries,2020-07-20 01:28:01.466,1681536
1018,Strawberries,2020-07-20 01:28:01.464,1030568
1019,Strawberries,2020-07-20 01:28:01.308,21104
1020,Strawberries,2020-07-20 01:28:01.306,486336
1021,Strawberries,2020-07-20 01:27:55.896,16735
1022,Strawberries,2020-07-20 01:27:55.891,836385
1023,Strawberries,2020-07-20 01:27:55.894,325087
1024,Strawberries,2020-07-20 01:27:55.893,35240
1025,Strawberries,2020-07-20 01:27:55.129,69784
1026,Strawberries,2020-07-20 01:27:55.127,2885768
1027,Strawberries,2020-07-20 01:27:54.974,12728
1028,Strawberries,2020-07-20 01:27:54.972,1557872
1029,Strawberries,2020-07-20 01:27:54.811,12224
1030,Strawberries,2020-07-20 01:27:54.809,197208
1031,Strawberries,2020-07-20 01:27:51.681,22464
1032,Strawberries,2020-07-20 01:27:51.679,681369
1033,Strawberries,2020-07-20 01:27:51.682,396273
1034,Strawberries,2020-07-20 01:27:51.677,42720
1035,Strawberries,2020-07-20 01:27:50.808,38192
1036,Strawberries,2020-07-20 01:27:50.806,2827032
1037,Strawberries,2020-07-20 01:27:50.680,12720
1038,Strawberries,2020-07-20 01:27:50.679,1332312
1039,Strawberries,2020-07-20 01:27:50.498,77048
1040,Strawberries,2020-07-20 01:27:47.283,20783
1041,Strawberries,2020-07-20 01:27:47.278,727280
1042,Strawberries,2020-07-20 01:27:47.285,18003
1043,Strawberries,2020-07-20 01:27:47.281,129296
1044,Strawberries,2020-07-20 01:27:47.280,99719
1045,Strawberries,2020-07-20 01:27:46.256,85952
1046,Strawberries,2020-07-20 01:27:46.248,2881624
1047,Strawberries,2020-07-20 01:27:46.119,3760
1048,Strawberries,2020-07-20 01:27:46.118,838344
1049,Strawberries,2020-07-20 01:27:45.962,10456
1050,Strawberries,2020-07-20 01:27:45.960,143168
1051,Strawberries,2020-07-20 01:27:42.578,44249
1052,Strawberries,2020-07-20 01:27:42.575,820552
1053,Strawberries,2020-07-20 01:27:42.576,481736
1054,Strawberries,2020-07-20 01:27:41.704,60504
1055,Strawberries,2020-07-20 01:27:41.702,2872040
1056,Strawberries,2020-07-20 01:27:41.549,13304
1057,Strawberries,2020-07-20 01:27:41.547,1615872
1058,Strawberries,2020-07-20 01:27:41.368,13336
1059,Strawberries,2020-07-20 01:27:41.366,121320
1060,Strawberries,2020-07-20 01:27:38.014,30056
1061,Strawberries,2020-07-20 01:27:38.010,773672
1062,Strawberries,2020-07-20 01:27:38.012,230272
1063,Strawberries,2020-07-20 01:27:37.137,60976
1064,Strawberries,2020-07-20 01:27:37.136,2612688
1065,Strawberries,2020-07-20 01:27:36.982,10656
1066,Strawberries,2020-07-20 01:27:36.980,983168
1067,Strawberries,2020-07-20 01:27:36.824,11944
1068,Strawberries,2020-07-20 01:27:36.822,77984
1069,Strawberries,2020-07-20 01:27:33.816,23448
1070,Strawberries,2020-07-20 01:27:33.811,640127
1071,Strawberries,2020-07-20 01:27:33.815,92200
1072,Strawberries,2020-07-20 01:27:33.813,29689
1073,Strawberries,2020-07-20 01:27:33.320,39408
1074,Strawberries,2020-07-20 01:27:33.319,2107304
1075,Strawberries,2020-07-20 01:27:33.233,503928
1076,Strawberries,2020-07-20 01:27:33.201,91624
1077,Strawberries,2020-07-20 01:27:31.221,119
1078,Strawberries,2020-07-20 01:27:31.145,640
1079,Strawberries,2020-07-20 01:27:31.146,3221
1080,Strawberries,2020-07-20 01:27:30.542,40608
1081,Strawberries,2020-07-20 01:27:30.540,895503
1082,Strawberries,2020-07-20 01:27:30.544,475719
1083,Strawberries,2020-07-20 01:27:30.538,83712
1084,Strawberries,2020-07-20 01:27:29.675,4
1085,Strawberries,2020-07-20 01:27:29.679,453
1086,Strawberries,2020-07-20 01:27:29.677,257
1087,Strawberries,2020-07-20 01:27:29.030,39408
1088,Strawberries,2020-07-20 01:27:29.013,2107304
1089,Strawberries,2020-07-20 01:27:29.029,623416
1090,Strawberries,2020-07-20 01:27:27.979,109529
1091,Strawberries,2020-07-20 01:27:27.923,20718
1092,Strawberries,2020-07-20 01:27:27.830,10736
1093,Strawberries,2020-07-20 01:27:27.828,1414816
1094,Strawberries,2020-07-20 01:27:27.826,680728
1095,Strawberries,2020-07-20 01:27:27.672,23872
1096,Strawberries,2020-07-20 01:27:27.671,166152
1097,Strawberries,2020-07-20 01:27:27.674,18112
1098,Strawberries,2020-07-20 01:27:27.669,1464
1099,Strawberries,2020-07-20 01:27:21.516,59561
1100,Strawberries,2020-07-20 01:27:21.513,1240224
1101,Strawberries,2020-07-20 01:27:21.518,413536
1102,Strawberries,2020-07-20 01:27:21.514,88009
1103,Strawberries,2020-07-20 01:27:20.649,71096
1104,Strawberries,2020-07-20 01:27:20.648,2640824
1105,Strawberries,2020-07-20 01:27:20.517,8720
1106,Strawberries,2020-07-20 01:27:20.515,2126768
1107,Strawberries,2020-07-20 01:27:20.343,38088
1108,Strawberries,2020-07-20 01:27:20.339,198480
1109,Strawberries,2020-07-20 01:27:20.345,73272
1110,Strawberries,2020-07-20 01:27:20.341,11592
1111,Strawberries,2020-07-20 01:27:17.145,55856
1112,Strawberries,2020-07-20 01:27:17.144,1067273
1113,Strawberries,2020-07-20 01:27:17.147,450608
1114,Strawberries,2020-07-20 01:27:17.141,145039
1115,Strawberries,2020-07-20 01:27:16.259,59560
1116,Strawberries,2020-07-20 01:27:16.257,2866600
1117,Strawberries,2020-07-20 01:27:16.098,16456
1118,Strawberries,2020-07-20 01:27:16.096,2959584
1119,Strawberries,2020-07-20 01:27:15.946,16768
1120,Strawberries,2020-07-20 01:27:15.944,107336
1121,Strawberries,2020-07-20 01:27:15.947,11944
1122,Strawberries,2020-07-20 01:27:15.942,7864
1123,Strawberries,2020-07-20 01:27:12.834,52463
1124,Strawberries,2020-07-20 01:27:12.829,1181400
1125,Strawberries,2020-07-20 01:27:12.836,16931
1126,Strawberries,2020-07-20 01:27:12.833,424409
1127,Strawberries,2020-07-20 01:27:12.831,121513
1128,Strawberries,2020-07-20 01:27:11.815,39384
1129,Strawberries,2020-07-20 01:27:11.813,2643136
1130,Strawberries,2020-07-20 01:27:11.682,21448
1131,Strawberries,2020-07-20 01:27:11.680,2548544
1132,Strawberries,2020-07-20 01:27:11.504,39608
1133,Strawberries,2020-07-20 01:27:11.506,1960
1134,Strawberries,2020-07-20 01:27:11.503,40040
1135,Strawberries,2020-07-20 01:27:08.313,76991
1136,Strawberries,2020-07-20 01:27:08.310,1345993
1137,Strawberries,2020-07-20 01:27:08.315,167048
1138,Strawberries,2020-07-20 01:27:08.312,505329
1139,Strawberries,2020-07-20 01:27:07.453,68608
1140,Strawberries,2020-07-20 01:27:07.451,2464080
1141,Strawberries,2020-07-20 01:27:07.273,14752
1142,Strawberries,2020-07-20 01:27:07.271,800568
1143,Strawberries,2020-07-20 01:27:07.112,14440
1144,Strawberries,2020-07-20 01:27:07.110,62832
1145,Strawberries,2020-07-20 01:27:07.114,17480
1146,Strawberries,2020-07-20 01:27:07.108,2680
1147,Strawberries,2020-07-20 01:27:03.888,63961
1148,Strawberries,2020-07-20 01:27:03.887,1309033
1149,Strawberries,2020-07-20 01:27:03.890,791672
1150,Strawberries,2020-07-20 01:27:03.885,295049
1151,Strawberries,2020-07-20 01:27:03.012,39368
1152,Strawberries,2020-07-20 01:27:03.011,2372216
1153,Strawberries,2020-07-20 01:27:02.880,22784
1154,Strawberries,2020-07-20 01:27:02.879,3798832
1155,Strawberries,2020-07-20 01:27:02.705,31328
1156,Strawberries,2020-07-20 01:27:02.704,541608
1157,Strawberries,2020-07-20 01:27:02.707,45528
1158,Strawberries,2020-07-20 01:27:02.702,3792
1159,Strawberries,2020-07-20 01:26:59.767,19496
1160,Strawberries,2020-07-20 01:26:59.764,702040
1161,Strawberries,2020-07-20 01:26:59.769,242968
1162,Strawberries,2020-07-20 01:26:59.766,406839
1163,Strawberries,2020-07-20 01:26:59.345,25752
1164,Strawberries,2020-07-20 01:26:59.343,2137984
1165,Strawberries,2020-07-20 01:26:59.258,3360
1166,Strawberries,2020-07-20 01:26:59.256,607832
1167,Strawberries,2020-07-20 01:26:59.245,78680
1168,Strawberries,2020-07-20 01:26:57.454,123
1169,Strawberries,2020-07-20 01:26:57.393,2561
1170,Strawberries,2020-07-20 01:26:56.791,58535
1171,Strawberries,2020-07-20 01:26:56.789,1225873
1172,Strawberries,2020-07-20 01:26:56.793,744784
1173,Strawberries,2020-07-20 01:26:56.787,208536
1174,Strawberries,2020-07-20 01:26:55.923,268
1175,Strawberries,2020-07-20 01:26:55.927,79
1176,Strawberries,2020-07-20 01:26:55.925,801
1177,Strawberries,2020-07-20 01:26:55.928,689
1178,Strawberries,2020-07-20 01:26:55.930,15
1179,Strawberries,2020-07-20 01:26:55.317,55728
1180,Strawberries,2020-07-20 01:26:55.315,2929712
1181,Strawberries,2020-07-20 01:26:54.265,10934
1182,Strawberries,2020-07-20 01:26:54.190,43353
1183,Strawberries,2020-07-20 01:26:54.078,14952
1184,Strawberries,2020-07-20 01:26:54.074,1386080
1185,Strawberries,2020-07-20 01:26:54.076,471136
1186,Strawberries,2020-07-20 01:26:53.905,7832
1187,Strawberries,2020-07-20 01:26:53.904,72160
1188,Strawberries,2020-07-20 01:26:53.907,944
1189,Strawberries,2020-07-20 01:26:47.626,48057
1190,Strawberries,2020-07-20 01:26:47.621,1222287
1191,Strawberries,2020-07-20 01:26:47.624,411503
1192,Strawberries,2020-07-20 01:26:47.622,235088
1193,Strawberries,2020-07-20 01:26:46.823,64496
1194,Strawberries,2020-07-20 01:26:46.821,3519048
1195,Strawberries,2020-07-20 01:26:46.669,14192
1196,Strawberries,2020-07-20 01:26:46.668,2023184
1197,Strawberries,2020-07-20 01:26:46.475,12216
1198,Strawberries,2020-07-20 01:26:46.470,208216
1199,Strawberries,2020-07-20 01:26:46.473,13080
1200,Strawberries,2020-07-20 01:26:46.472,1536
1201,Strawberries,2020-07-20 01:26:43.360,52569
1202,Strawberries,2020-07-20 01:26:43.357,1229193
1203,Strawberries,2020-07-20 01:26:43.362,383792
1204,Strawberries,2020-07-20 01:26:43.358,55249
1205,Strawberries,2020-07-20 01:26:42.373,53408
1206,Strawberries,2020-07-20 01:26:42.371,3595216
1207,Strawberries,2020-07-20 01:26:42.213,12432
1208,Strawberries,2020-07-20 01:26:42.211,1474536
1209,Strawberries,2020-07-20 01:26:42.008,15696
1210,Strawberries,2020-07-20 01:26:42.003,208992
1211,Strawberries,2020-07-20 01:26:42.006,21360
1212,Strawberries,2020-07-20 01:26:42.005,2832
1213,Strawberries,2020-07-20 01:26:38.591,69951
1214,Strawberries,2020-07-20 01:26:38.589,1505225
1215,Strawberries,2020-07-20 01:26:38.593,271264
1216,Strawberries,2020-07-20 01:26:38.588,128577
1217,Strawberries,2020-07-20 01:26:37.579,75776
1218,Strawberries,2020-07-20 01:26:37.578,3365096
1219,Strawberries,2020-07-20 01:26:37.440,15472
1220,Strawberries,2020-07-20 01:26:37.439,917072
1221,Strawberries,2020-07-20 01:26:37.271,8640
1222,Strawberries,2020-07-20 01:26:37.267,101320
1223,Strawberries,2020-07-20 01:26:37.269,13744
1224,Strawberries,2020-07-20 01:26:37.266,1072
1225,Strawberries,2020-07-20 01:26:33.998,84920
1226,Strawberries,2020-07-20 01:26:33.995,1610048
1227,Strawberries,2020-07-20 01:26:33.996,524280
1228,Strawberries,2020-07-20 01:26:33.993,80153
1229,Strawberries,2020-07-20 01:26:33.190,42160
1230,Strawberries,2020-07-20 01:26:33.187,2683192
1231,Strawberries,2020-07-20 01:26:33.188,328040
1232,Strawberries,2020-07-20 01:26:33.058,16440
1233,Strawberries,2020-07-20 01:26:33.056,2029192
1234,Strawberries,2020-07-20 01:26:32.872,14552
1235,Strawberries,2020-07-20 01:26:32.869,239144
1236,Strawberries,2020-07-20 01:26:32.874,3600
1237,Strawberries,2020-07-20 01:26:32.870,4648
1238,Strawberries,2020-07-20 01:26:29.770,85384
1239,Strawberries,2020-07-20 01:26:29.766,1702488
1240,Strawberries,2020-07-20 01:26:29.772,315016
1241,Strawberries,2020-07-20 01:26:29.768,331384
1242,Strawberries,2020-07-20 01:26:28.836,54960
1243,Strawberries,2020-07-20 01:26:28.834,2490520
1244,Strawberries,2020-07-20 01:26:28.653,19440
1245,Strawberries,2020-07-20 01:26:28.651,2016792
1246,Strawberries,2020-07-20 01:26:28.472,26208
1247,Strawberries,2020-07-20 01:26:28.469,297400
1248,Strawberries,2020-07-20 01:26:28.471,1032
1249,Strawberries,2020-07-20 01:26:28.467,8280
1250,Strawberries,2020-07-20 01:26:25.277,17336
1251,Strawberries,2020-07-20 01:26:25.274,919464
1252,Strawberries,2020-07-20 01:26:25.279,197193
1253,Strawberries,2020-07-20 01:26:25.276,229249
1254,Strawberries,2020-07-20 01:26:24.831,27080
1255,Strawberries,2020-07-20 01:26:24.829,1704184
1256,Strawberries,2020-07-20 01:26:24.730,4320
1257,Strawberries,2020-07-20 01:26:22.837,35
1258,Strawberries,2020-07-20 01:26:22.778,1921
1259,Strawberries,2020-07-20 01:26:22.780,440
1260,Strawberries,2020-07-20 01:26:22.171,60080
1261,Strawberries,2020-07-20 01:26:22.168,1491552
1262,Strawberries,2020-07-20 01:26:22.170,417384
1263,Strawberries,2020-07-20 01:26:22.166,340168
1264,Strawberries,2020-07-20 01:26:21.310,2
1265,Strawberries,2020-07-20 01:26:21.309,658
1266,Strawberries,2020-07-20 01:26:20.717,59152
1267,Strawberries,2020-07-20 01:26:20.715,2808136
1268,Strawberries,2020-07-20 01:26:19.764,54725
1269,Strawberries,2020-07-20 01:26:19.765,52826
1270,Strawberries,2020-07-20 01:26:19.690,35902
1271,Strawberries,2020-07-20 01:26:19.587,16432
1272,Strawberries,2020-07-20 01:26:19.583,975624
1273,Strawberries,2020-07-20 01:26:19.585,434808
1274,Strawberries,2020-07-20 01:26:19.456,12672
1275,Strawberries,2020-07-20 01:26:19.455,211512
1276,Strawberries,2020-07-20 01:26:13.549,64376
1277,Strawberries,2020-07-20 01:26:13.544,1813328
1278,Strawberries,2020-07-20 01:26:13.548,325281
1279,Strawberries,2020-07-20 01:26:13.546,153897
1280,Strawberries,2020-07-20 01:26:12.647,77400
1281,Strawberries,2020-07-20 01:26:12.645,3143208
1282,Strawberries,2020-07-20 01:26:12.537,14208
1283,Strawberries,2020-07-20 01:26:12.536,1517248
1284,Strawberries,2020-07-20 01:26:12.373,17104
1285,Strawberries,2020-07-20 01:26:12.370,254392
1286,Strawberries,2020-07-20 01:26:12.372,2880
1287,Strawberries,2020-07-20 01:26:12.368,7200
1288,Strawberries,2020-07-20 01:26:09.101,63160
1289,Strawberries,2020-07-20 01:26:09.100,1827272
1290,Strawberries,2020-07-20 01:26:09.103,371448
1291,Strawberries,2020-07-20 01:26:09.098,269408
1292,Strawberries,2020-07-20 01:26:08.120,105056
1293,Strawberries,2020-07-20 01:26:08.119,3312904
1294,Strawberries,2020-07-20 01:26:08.013,6480
1295,Strawberries,2020-07-20 01:26:08.011,970872
1296,Strawberries,2020-07-20 01:26:07.850,35128
1297,Strawberries,2020-07-20 01:26:07.846,201536
1298,Strawberries,2020-07-20 01:26:07.851,2632
1299,Strawberries,2020-07-20 01:26:07.848,5040
1300,Strawberries,2020-07-20 01:26:04.533,59983
1301,Strawberries,2020-07-20 01:26:04.531,1777937
1302,Strawberries,2020-07-20 01:26:04.535,308328
1303,Strawberries,2020-07-20 01:26:04.530,174856
1304,Strawberries,2020-07-20 01:26:03.581,41880
1305,Strawberries,2020-07-20 01:26:03.579,2787592
1306,Strawberries,2020-07-20 01:26:03.463,26240
1307,Strawberries,2020-07-20 01:26:03.462,767776
1308,Strawberries,2020-07-20 01:26:03.294,26208
1309,Strawberries,2020-07-20 01:26:03.291,185960
1310,Strawberries,2020-07-20 01:26:03.293,4128
1311,Strawberries,2020-07-20 01:26:00.071,82832
1312,Strawberries,2020-07-20 01:26:00.069,2153928
1313,Strawberries,2020-07-20 01:26:00.072,207495
1314,Strawberries,2020-07-20 01:26:00.067,328143
1315,Strawberries,2020-07-20 01:25:59.208,115216
1316,Strawberries,2020-07-20 01:25:59.207,3970088
1317,Strawberries,2020-07-20 01:25:59.063,24720
1318,Strawberries,2020-07-20 01:25:59.062,1329024
1319,Strawberries,2020-07-20 01:25:58.888,19664
1320,Strawberries,2020-07-20 01:25:58.885,364152
1321,Strawberries,2020-07-20 01:25:58.886,800
1322,Strawberries,2020-07-20 01:25:55.818,74785
1323,Strawberries,2020-07-20 01:25:55.812,2270063
1324,Strawberries,2020-07-20 01:25:55.816,531311
1325,Strawberries,2020-07-20 01:25:55.814,128183
1326,Strawberries,2020-07-20 01:25:54.952,64928
1327,Strawberries,2020-07-20 01:25:54.951,3528696
1328,Strawberries,2020-07-20 01:25:54.827,20064
1329,Strawberries,2020-07-20 01:25:54.825,1439224
1330,Strawberries,2020-07-20 01:25:54.660,21648
1331,Strawberries,2020-07-20 01:25:54.656,346936
1332,Strawberries,2020-07-20 01:25:54.658,936
1333,Strawberries,2020-07-20 01:25:51.738,28184
1334,Strawberries,2020-07-20 01:25:51.733,1432152
1335,Strawberries,2020-07-20 01:25:51.736,73007
1336,Strawberries,2020-07-20 01:25:51.735,238720
1337,Strawberries,2020-07-20 01:25:51.229,45256
1338,Strawberries,2020-07-20 01:25:51.227,2395944
1339,Strawberries,2020-07-20 01:25:49.149,43120
1340,Strawberries,2020-07-20 01:25:48.992,66
1341,Strawberries,2020-07-20 01:25:48.925,1280
1342,Strawberries,2020-07-20 01:25:48.927,330
1343,Strawberries,2020-07-20 01:25:48.848,157542
1344,Strawberries,2020-07-20 01:25:48.271,72439
1345,Strawberries,2020-07-20 01:25:48.269,2140961
1346,Strawberries,2020-07-20 01:25:48.272,221505
1347,Strawberries,2020-07-20 01:25:48.267,211904
1348,Strawberries,2020-07-20 01:25:47.401,268
1349,Strawberries,2020-07-20 01:25:47.403,906
1350,Strawberries,2020-07-20 01:25:47.399,22
1351,Strawberries,2020-07-20 01:25:46.820,70496
1352,Strawberries,2020-07-20 01:25:46.818,3413200
1353,Strawberries,2020-07-20 01:25:45.824,109965
1354,Strawberries,2020-07-20 01:25:45.826,54690
1355,Strawberries,2020-07-20 01:25:45.769,22477
1356,Strawberries,2020-07-20 01:25:45.674,15408
1357,Strawberries,2020-07-20 01:25:45.672,382936
1358,Strawberries,2020-07-20 01:25:45.671,307704
1359,Strawberries,2020-07-20 01:25:45.569,1824
1360,Strawberries,2020-07-20 01:25:45.567,227320
1361,Strawberries,2020-07-20 01:25:39.501,71177
1362,Strawberries,2020-07-20 01:25:39.498,2225887
1363,Strawberries,2020-07-20 01:25:39.499,404697
1364,Strawberries,2020-07-20 01:25:39.496,277849
1365,Strawberries,2020-07-20 01:25:38.637,117944
1366,Strawberries,2020-07-20 01:25:38.635,3591776
1367,Strawberries,2020-07-20 01:25:38.479,43680
1368,Strawberries,2020-07-20 01:25:38.477,1183248
1369,Strawberries,2020-07-20 01:25:38.296,25304
1370,Strawberries,2020-07-20 01:25:38.294,256440
1371,Strawberries,2020-07-20 01:25:35.169,75577
1372,Strawberries,2020-07-20 01:25:35.165,2446904
1373,Strawberries,2020-07-20 01:25:35.167,261375
1374,Strawberries,2020-07-20 01:25:35.163,293225
1375,Strawberries,2020-07-20 01:25:34.115,60216
1376,Strawberries,2020-07-20 01:25:34.113,3800720
1377,Strawberries,2020-07-20 01:25:33.987,18200
1378,Strawberries,2020-07-20 01:25:33.986,746232
1379,Strawberries,2020-07-20 01:25:33.811,10040
1380,Strawberries,2020-07-20 01:25:33.809,276200
1381,Strawberries,2020-07-20 01:25:30.557,64977
1382,Strawberries,2020-07-20 01:25:30.555,2640935
1383,Strawberries,2020-07-20 01:25:30.559,192240
1384,Strawberries,2020-07-20 01:25:30.554,339255
1385,Strawberries,2020-07-20 01:25:29.614,70520
1386,Strawberries,2020-07-20 01:25:29.612,3686664
1387,Strawberries,2020-07-20 01:25:29.429,38488
1388,Strawberries,2020-07-20 01:25:29.428,731968
1389,Strawberries,2020-07-20 01:25:29.251,11232
1390,Strawberries,2020-07-20 01:25:29.250,105056
1391,Strawberries,2020-07-20 01:25:25.961,100808
1392,Strawberries,2020-07-20 01:25:25.956,2706352
1393,Strawberries,2020-07-20 01:25:25.959,273777
1394,Strawberries,2020-07-20 01:25:25.958,237057
1395,Strawberries,2020-07-20 01:25:25.123,120448
1396,Strawberries,2020-07-20 01:25:25.121,4236152
1397,Strawberries,2020-07-20 01:25:25.002,26216
1398,Strawberries,2020-07-20 01:25:25.000,1159112
1399,Strawberries,2020-07-20 01:25:24.808,30256
1400,Strawberries,2020-07-20 01:25:24.804,272360
1401,Strawberries,2020-07-20 01:25:24.810,240
1402,Strawberries,2020-07-20 01:25:24.806,6048
1403,Strawberries,2020-07-20 01:25:21.600,6842
1404,Strawberries,2020-07-20 01:25:21.598,93465
1405,Strawberries,2020-07-20 01:25:21.594,2783728
1406,Strawberries,2020-07-20 01:25:21.596,402072
1407,Strawberries,2020-07-20 01:25:21.587,256007
1408,Strawberries,2020-07-20 01:25:20.713,100304
1409,Strawberries,2020-07-20 01:25:20.711,3948976
1410,Strawberries,2020-07-20 01:25:20.606,47528
1411,Strawberries,2020-07-20 01:25:20.604,1258496
1412,Strawberries,2020-07-20 01:25:20.422,20448
1413,Strawberries,2020-07-20 01:25:20.418,288232
1414,Strawberries,2020-07-20 01:25:20.420,5184
1415,Strawberries,2020-07-20 01:25:17.487,3256
1416,Strawberries,2020-07-20 01:25:17.484,1496656
1417,Strawberries,2020-07-20 01:25:17.489,13567
1418,Strawberries,2020-07-20 01:25:17.485,179384
1419,Strawberries,2020-07-20 01:25:17.049,48800
1420,Strawberries,2020-07-20 01:25:17.047,3544192
1421,Strawberries,2020-07-20 01:25:15.229,898
1422,Strawberries,2020-07-20 01:25:15.231,330
1423,Strawberries,2020-07-20 01:25:14.626,67417
1424,Strawberries,2020-07-20 01:25:14.624,2285199
1425,Strawberries,2020-07-20 01:25:14.628,286889
1426,Strawberries,2020-07-20 01:25:14.623,119665
1427,Strawberries,2020-07-20 01:25:13.783,18
1428,Strawberries,2020-07-20 01:25:13.781,295
1429,Strawberries,2020-07-20 01:25:13.217,100776
1430,Strawberries,2020-07-20 01:25:13.213,44080
1431,Strawberries,2020-07-20 01:25:13.216,4212264
1432,Strawberries,2020-07-20 01:25:12.197,19673
1433,Strawberries,2020-07-20 01:25:12.057,21096
1434,Strawberries,2020-07-20 01:25:12.053,497096
1435,Strawberries,2020-07-20 01:25:12.055,367560
1436,Strawberries,2020-07-20 01:25:11.896,8000
1437,Strawberries,2020-07-20 01:25:11.894,124928
1438,Strawberries,2020-07-20 01:25:05.835,6840
1439,Strawberries,2020-07-20 01:25:05.832,63721
1440,Strawberries,2020-07-20 01:25:05.830,2369081
1441,Strawberries,2020-07-20 01:25:05.833,235145
1442,Strawberries,2020-07-20 01:25:05.828,163337
1443,Strawberries,2020-07-20 01:25:04.931,143736
1444,Strawberries,2020-07-20 01:25:04.929,4818456
1445,Strawberries,2020-07-20 01:25:04.829,19168
1446,Strawberries,2020-07-20 01:25:04.827,1070464
1447,Strawberries,2020-07-20 01:25:04.635,19192
1448,Strawberries,2020-07-20 01:25:04.633,164576
1449,Strawberries,2020-07-20 01:25:01.440,6842
1450,Strawberries,2020-07-20 01:25:01.436,55680
1451,Strawberries,2020-07-20 01:25:01.435,2462216
1452,Strawberries,2020-07-20 01:25:01.438,143856
1453,Strawberries,2020-07-20 01:25:01.433,80729
1454,Strawberries,2020-07-20 01:25:00.394,35368
1455,Strawberries,2020-07-20 01:25:00.391,4814760
1456,Strawberries,2020-07-20 01:25:00.256,48560
1457,Strawberries,2020-07-20 01:25:00.254,667128
1458,Strawberries,2020-07-20 01:25:00.051,20400
1459,Strawberries,2020-07-20 01:25:00.049,108296
1460,Strawberries,2020-07-20 01:24:56.700,34912
1461,Strawberries,2020-07-20 01:24:56.695,2199399
1462,Strawberries,2020-07-20 01:24:56.699,110944
1463,Strawberries,2020-07-20 01:24:56.697,174841
1464,Strawberries,2020-07-20 01:24:55.664,93296
1465,Strawberries,2020-07-20 01:24:55.662,4112504
1466,Strawberries,2020-07-20 01:24:55.532,32496
1467,Strawberries,2020-07-20 01:24:55.530,706296
1468,Strawberries,2020-07-20 01:24:55.344,23120
1469,Strawberries,2020-07-20 01:24:55.342,153832
1470,Strawberries,2020-07-20 01:24:51.979,4561
1471,Strawberries,2020-07-20 01:24:51.977,73856
1472,Strawberries,2020-07-20 01:24:51.972,2511808
1473,Strawberries,2020-07-20 01:24:51.976,327633
1474,Strawberries,2020-07-20 01:24:51.974,64704
1475,Strawberries,2020-07-20 01:24:51.093,87768
1476,Strawberries,2020-07-20 01:24:51.092,3849752
1477,Strawberries,2020-07-20 01:24:50.968,35176
1478,Strawberries,2020-07-20 01:24:50.967,1150624
1479,Strawberries,2020-07-20 01:24:50.777,11904
1480,Strawberries,2020-07-20 01:24:50.774,196152
1481,Strawberries,2020-07-20 01:24:50.776,8208
1482,Strawberries,2020-07-20 01:24:47.550,57849
1483,Strawberries,2020-07-20 01:24:47.548,2452232
1484,Strawberries,2020-07-20 01:24:47.552,218744
1485,Strawberries,2020-07-20 01:24:47.546,193824
1486,Strawberries,2020-07-20 01:24:46.548,26744
1487,Strawberries,2020-07-20 01:24:46.547,3362304
1488,Strawberries,2020-07-20 01:24:46.391,33696
1489,Strawberries,2020-07-20 01:24:46.389,1124280
1490,Strawberries,2020-07-20 01:24:46.214,10720
1491,Strawberries,2020-07-20 01:24:46.212,211096
1492,Strawberries,2020-07-20 01:24:46.210,7424
1493,Strawberries,2020-07-20 01:24:42.906,1085231
1494,Strawberries,2020-07-20 01:24:42.910,41327
1495,Strawberries,2020-07-20 01:24:42.908,230047
1496,Strawberries,2020-07-20 01:24:42.386,48784
1497,Strawberries,2020-07-20 01:24:42.384,2436112
1498,Strawberries,2020-07-20 01:24:42.281,4480
1499,Strawberries,2020-07-20 01:24:40.193,1280
1500,Strawberries,2020-07-20 01:24:40.191,330
1501,Strawberries,2020-07-20 01:24:39.568,46528
1502,Strawberries,2020-07-20 01:24:39.563,1921080
1503,Strawberries,2020-07-20 01:24:39.566,284904
1504,Strawberries,2020-07-20 01:24:39.565,247984
1505,Strawberries,2020-07-20 01:24:38.519,18
1506,Strawberries,2020-07-20 01:24:38.521,957
1507,Strawberries,2020-07-20 01:24:38.522,433
1508,Strawberries,2020-07-20 01:24:37.874,76552
1509,Strawberries,2020-07-20 01:24:37.873,3206720
1510,Strawberries,2020-07-20 01:24:36.762,17558
1511,Strawberries,2020-07-20 01:24:36.656,26800
1512,Strawberries,2020-07-20 01:24:36.654,798912
1513,Strawberries,2020-07-20 01:24:36.653,324664
1514,Strawberries,2020-07-20 01:24:36.518,10248
1515,Strawberries,2020-07-20 01:24:36.516,60096
1516,Strawberries,2020-07-20 01:24:30.314,36793
1517,Strawberries,2020-07-20 01:24:30.311,2052985
1518,Strawberries,2020-07-20 01:24:30.316,179808
1519,Strawberries,2020-07-20 01:24:30.313,188496
1520,Strawberries,2020-07-20 01:24:29.153,8728
1521,Strawberries,2020-07-20 01:24:29.151,3259656
1522,Strawberries,2020-07-20 01:24:28.989,27104
1523,Strawberries,2020-07-20 01:24:28.987,743312
1524,Strawberries,2020-07-20 01:24:28.806,19864
1525,Strawberries,2020-07-20 01:24:28.805,106720
1526,Strawberries,2020-07-20 01:24:25.163,28215
1527,Strawberries,2020-07-20 01:24:25.162,1941823
1528,Strawberries,2020-07-20 01:24:25.165,103376
1529,Strawberries,2020-07-20 01:24:25.160,140400
1530,Strawberries,2020-07-20 01:24:24.259,79696
1531,Strawberries,2020-07-20 01:24:24.258,4176616
1532,Strawberries,2020-07-20 01:24:24.128,26264
1533,Strawberries,2020-07-20 01:24:24.127,708312
1534,Strawberries,2020-07-20 01:24:23.957,18240
1535,Strawberries,2020-07-20 01:24:23.955,17288
1536,Strawberries,2020-07-20 01:24:20.559,37673
1537,Strawberries,2020-07-20 01:24:20.554,1840969
1538,Strawberries,2020-07-20 01:24:20.557,167567
1539,Strawberries,2020-07-20 01:24:20.555,186320
1540,Strawberries,2020-07-20 01:24:19.568,95000
1541,Strawberries,2020-07-20 01:24:19.565,3301816
1542,Strawberries,2020-07-20 01:24:19.566,-95000
1543,Strawberries,2020-07-20 01:24:19.430,46208
1544,Strawberries,2020-07-20 01:24:19.429,622152
1545,Strawberries,2020-07-20 01:24:19.246,33120
1546,Strawberries,2020-07-20 01:24:19.245,89472
1547,Strawberries,2020-07-20 01:24:19.243,6912
1548,Strawberries,2020-07-20 01:24:15.882,54248
1549,Strawberries,2020-07-20 01:24:15.878,2427583
1550,Strawberries,2020-07-20 01:24:15.884,432705
1551,Strawberries,2020-07-20 01:24:15.880,244807
1552,Strawberries,2020-07-20 01:24:15.087,42600
1553,Strawberries,2020-07-20 01:24:15.086,2825432
1554,Strawberries,2020-07-20 01:24:14.900,45928
1555,Strawberries,2020-07-20 01:24:14.899,1280240
1556,Strawberries,2020-07-20 01:24:14.716,32208
1557,Strawberries,2020-07-20 01:24:14.712,125680
1558,Strawberries,2020-07-20 01:24:14.714,6912
1559,Strawberries,2020-07-20 01:24:11.512,30096
1560,Strawberries,2020-07-20 01:24:11.507,2175072
1561,Strawberries,2020-07-20 01:24:11.510,65344
1562,Strawberries,2020-07-20 01:24:11.509,115016
1563,Strawberries,2020-07-20 01:24:10.580,56392
1564,Strawberries,2020-07-20 01:24:10.578,3083160
1565,Strawberries,2020-07-20 01:24:10.438,53480
1566,Strawberries,2020-07-20 01:24:10.437,1094720
1567,Strawberries,2020-07-20 01:24:10.281,17288
1568,Strawberries,2020-07-20 01:24:10.279,211640
1569,Strawberries,2020-07-20 01:24:07.310,6842
1570,Strawberries,2020-07-20 01:24:07.308,407
1571,Strawberries,2020-07-20 01:24:07.305,1308041
1572,Strawberries,2020-07-20 01:24:07.307,50296
1573,Strawberries,2020-07-20 01:24:07.303,212080
1574,Strawberries,2020-07-20 01:24:06.763,110504
1575,Strawberries,2020-07-20 01:24:06.762,2859704
1576,Strawberries,2020-07-20 01:24:06.690,10024
1577,Strawberries,2020-07-20 01:24:04.721,231
1578,Strawberries,2020-07-20 01:24:04.650,97
1579,Strawberries,2020-07-20 01:24:04.654,770
1580,Strawberries,2020-07-20 01:24:04.652,330
1581,Strawberries,2020-07-20 01:24:04.030,35336
1582,Strawberries,2020-07-20 01:24:04.025,1989992
1583,Strawberries,2020-07-20 01:24:04.029,264768
1584,Strawberries,2020-07-20 01:24:04.027,245784
1585,Strawberries,2020-07-20 01:24:03.265,20
1586,Strawberries,2020-07-20 01:24:03.264,332
1587,Strawberries,2020-07-20 01:24:02.676,485224
1588,Strawberries,2020-07-20 01:24:01.689,54747
1589,Strawberries,2020-07-20 01:24:01.619,35092
1590,Strawberries,2020-07-20 01:24:01.507,43592
1591,Strawberries,2020-07-20 01:24:01.506,723832
1592,Strawberries,2020-07-20 01:24:01.504,226296
1593,Strawberries,2020-07-20 01:24:01.376,7680
1594,Strawberries,2020-07-20 01:24:01.374,70288
1595,Strawberries,2020-07-20 01:23:55.444,54879
1596,Strawberries,2020-07-20 01:23:55.441,2290695
1597,Strawberries,2020-07-20 01:23:55.446,196216
1598,Strawberries,2020-07-20 01:23:55.443,264671
1599,Strawberries,2020-07-20 01:23:54.573,80496
1600,Strawberries,2020-07-20 01:23:54.571,2986168
1601,Strawberries,2020-07-20 01:23:54.444,57768
1602,Strawberries,2020-07-20 01:23:54.441,977208
1603,Strawberries,2020-07-20 01:23:54.263,14408
1604,Strawberries,2020-07-20 01:23:54.262,76184
1605,Strawberries,2020-07-20 01:23:51.152,43032
1606,Strawberries,2020-07-20 01:23:51.150,2112416
1607,Strawberries,2020-07-20 01:23:51.153,204017
1608,Strawberries,2020-07-20 01:23:51.148,189761
1609,Strawberries,2020-07-20 01:23:50.176,71688
1610,Strawberries,2020-07-20 01:23:50.174,2652832
1611,Strawberries,2020-07-20 01:23:50.069,24440
1612,Strawberries,2020-07-20 01:23:50.067,437344
1613,Strawberries,2020-07-20 01:23:49.903,30320
1614,Strawberries,2020-07-20 01:23:49.901,103384
1615,Strawberries,2020-07-20 01:23:49.899,2592
1616,Strawberries,2020-07-20 01:23:46.691,6842
1617,Strawberries,2020-07-20 01:23:46.687,23129
1618,Strawberries,2020-07-20 01:23:46.685,2085615
1619,Strawberries,2020-07-20 01:23:46.689,136464
1620,Strawberries,2020-07-20 01:23:46.684,156792
1621,Strawberries,2020-07-20 01:23:45.694,50992
1622,Strawberries,2020-07-20 01:23:45.693,1765912
1623,Strawberries,2020-07-20 01:23:45.696,5176
1624,Strawberries,2020-07-20 01:23:45.557,32192
1625,Strawberries,2020-07-20 01:23:45.555,529152
1626,Strawberries,2020-07-20 01:23:45.394,6000
1627,Strawberries,2020-07-20 01:23:45.392,114896
1628,Strawberries,2020-07-20 01:23:45.390,7776
1629,Strawberries,2020-07-20 01:23:42.189,11405
1630,Strawberries,2020-07-20 01:23:42.186,58344
1631,Strawberries,2020-07-20 01:23:42.182,2497488
1632,Strawberries,2020-07-20 01:23:42.188,188001
1633,Strawberries,2020-07-20 01:23:42.184,237400
1634,Strawberries,2020-07-20 01:23:41.348,47552
1635,Strawberries,2020-07-20 01:23:41.346,2136096
1636,Strawberries,2020-07-20 01:23:41.350,12728
1637,Strawberries,2020-07-20 01:23:41.207,51216
1638,Strawberries,2020-07-20 01:23:41.206,977432
1639,Strawberries,2020-07-20 01:23:41.049,9112
1640,Strawberries,2020-07-20 01:23:41.047,119032
1641,Strawberries,2020-07-20 01:23:37.889,35097
1642,Strawberries,2020-07-20 01:23:37.887,2381256
1643,Strawberries,2020-07-20 01:23:37.891,243335
1644,Strawberries,2020-07-20 01:23:37.886,104480
1645,Strawberries,2020-07-20 01:23:36.837,99848
1646,Strawberries,2020-07-20 01:23:36.836,2780600
1647,Strawberries,2020-07-20 01:23:36.669,34032
1648,Strawberries,2020-07-20 01:23:36.667,1122736
1649,Strawberries,2020-07-20 01:23:36.511,6160
1650,Strawberries,2020-07-20 01:23:36.509,171144
1651,Strawberries,2020-07-20 01:23:33.272,3568
1652,Strawberries,2020-07-20 01:23:33.268,874456
1653,Strawberries,2020-07-20 01:23:33.270,18201
1654,Strawberries,2020-07-20 01:23:33.267,121416
1655,Strawberries,2020-07-20 01:23:32.875,83608
1656,Strawberries,2020-07-20 01:23:32.873,1461688
1657,Strawberries,2020-07-20 01:23:31.001,691
1658,Strawberries,2020-07-20 01:23:31.002,607
1659,Strawberries,2020-07-20 01:23:30.387,29304
1660,Strawberries,2020-07-20 01:23:30.384,1889873
1661,Strawberries,2020-07-20 01:23:30.385,177536
1662,Strawberries,2020-07-20 01:23:30.382,243256
1663,Strawberries,2020-07-20 01:23:29.566,22
1664,Strawberries,2020-07-20 01:23:29.561,2
1665,Strawberries,2020-07-20 01:23:29.563,3067
1666,Strawberries,2020-07-20 01:23:29.565,286
1667,Strawberries,2020-07-20 01:23:28.959,33224
1668,Strawberries,2020-07-20 01:23:28.952,1815224
1669,Strawberries,2020-07-20 01:23:28.954,126624
1670,Strawberries,2020-07-20 01:23:27.929,13385
1671,Strawberries,2020-07-20 01:23:27.823,9312
1672,Strawberries,2020-07-20 01:23:27.821,460376
1673,Strawberries,2020-07-20 01:23:27.692,3640
1674,Strawberries,2020-07-20 01:23:27.691,51872
1675,Strawberries,2020-07-20 01:23:21.622,7982
1676,Strawberries,2020-07-20 01:23:21.619,39105
1677,Strawberries,2020-07-20 01:23:21.617,2022689
1678,Strawberries,2020-07-20 01:23:21.620,225080
1679,Strawberries,2020-07-20 01:23:21.615,238944
1680,Strawberries,2020-07-20 01:23:20.735,56824
1681,Strawberries,2020-07-20 01:23:20.729,1482080
1682,Strawberries,2020-07-20 01:23:20.731,-126624
1683,Strawberries,2020-07-20 01:23:20.733,126600
1684,Strawberries,2020-07-20 01:23:20.593,27848
1685,Strawberries,2020-07-20 01:23:20.591,828248
1686,Strawberries,2020-07-20 01:23:20.438,12480
1687,Strawberries,2020-07-20 01:23:20.436,71248
1688,Strawberries,2020-07-20 01:23:17.161,48576
1689,Strawberries,2020-07-20 01:23:17.157,2471568
1690,Strawberries,2020-07-20 01:23:17.162,163816
1691,Strawberries,2020-07-20 01:23:17.159,233600
1692,Strawberries,2020-07-20 01:23:16.252,47944
1693,Strawberries,2020-07-20 01:23:16.250,883008
1694,Strawberries,2020-07-20 01:23:16.123,37936
1695,Strawberries,2020-07-20 01:23:16.121,640696
1696,Strawberries,2020-07-20 01:23:15.973,12480
1697,Strawberries,2020-07-20 01:23:15.971,76984
1698,Strawberries,2020-07-20 01:23:12.810,13684
1699,Strawberries,2020-07-20 01:23:12.807,21505
1700,Strawberries,2020-07-20 01:23:12.803,1968432
1701,Strawberries,2020-07-20 01:23:12.809,87872
1702,Strawberries,2020-07-20 01:23:12.805,138879
1703,Strawberries,2020-07-20 01:23:11.833,10816
1704,Strawberries,2020-07-20 01:23:11.831,239712
1705,Strawberries,2020-07-20 01:23:11.681,30080
1706,Strawberries,2020-07-20 01:23:11.680,777448
1707,Strawberries,2020-07-20 01:23:11.523,20880
1708,Strawberries,2020-07-20 01:23:11.521,112272
1709,Strawberries,2020-07-20 01:23:08.228,84256
1710,Strawberries,2020-07-20 01:23:08.225,2618801
1711,Strawberries,2020-07-20 01:23:08.226,187191
1712,Strawberries,2020-07-20 01:23:08.223,281057
1713,Strawberries,2020-07-20 01:23:07.317,38264
1714,Strawberries,2020-07-20 01:23:07.316,1093472
1715,Strawberries,2020-07-20 01:23:07.203,38504
1716,Strawberries,2020-07-20 01:23:07.201,926760
1717,Strawberries,2020-07-20 01:23:07.041,15536
1718,Strawberries,2020-07-20 01:23:07.037,167344
1719,Strawberries,2020-07-20 01:23:07.039,6912
1720,Strawberries,2020-07-20 01:23:03.717,48913
1721,Strawberries,2020-07-20 01:23:03.715,2531241
1722,Strawberries,2020-07-20 01:23:03.719,215600
1723,Strawberries,2020-07-20 01:23:03.713,105321
1724,Strawberries,2020-07-20 01:23:02.813,39768
1725,Strawberries,2020-07-20 01:23:02.811,915432
1726,Strawberries,2020-07-20 01:23:02.680,31944
1727,Strawberries,2020-07-20 01:23:02.678,879704
1728,Strawberries,2020-07-20 01:23:02.534,16080
1729,Strawberries,2020-07-20 01:23:02.532,129808
1730,Strawberries,2020-07-20 01:22:59.368,216
1731,Strawberries,2020-07-20 01:22:59.364,1766448
1732,Strawberries,2020-07-20 01:22:59.366,24616
1733,Strawberries,2020-07-20 01:22:59.363,148192
1734,Strawberries,2020-07-20 01:22:58.857,33576
1735,Strawberries,2020-07-20 01:22:58.855,505416
1736,Strawberries,2020-07-20 01:22:56.590,1346
1737,Strawberries,2020-07-20 01:22:56.592,304
1738,Strawberries,2020-07-20 01:22:56.594,669
1739,Strawberries,2020-07-20 01:22:56.589,220
1740,Strawberries,2020-07-20 01:22:56.530,41998
1741,Strawberries,2020-07-20 01:22:56.532,55871
1742,Strawberries,2020-07-20 01:22:55.959,53009
1743,Strawberries,2020-07-20 01:22:55.956,2340111
1744,Strawberries,2020-07-20 01:22:55.961,182873
1745,Strawberries,2020-07-20 01:22:55.957,177951
1746,Strawberries,2020-07-20 01:22:55.116,260
1747,Strawberries,2020-07-20 01:22:55.117,4
1748,Strawberries,2020-07-20 01:22:55.114,97
1749,Strawberries,2020-07-20 01:22:54.585,18704
1750,Strawberries,2020-07-20 01:22:54.583,805904
1751,Strawberries,2020-07-20 01:22:53.544,31425
1752,Strawberries,2020-07-20 01:22:53.442,18104
1753,Strawberries,2020-07-20 01:22:53.439,384528
1754,Strawberries,2020-07-20 01:22:53.440,191568
1755,Strawberries,2020-07-20 01:22:53.300,5040
1756,Strawberries,2020-07-20 01:22:53.298,24600
1757,Strawberries,2020-07-20 01:22:47.223,69839
1758,Strawberries,2020-07-20 01:22:47.218,2763519
1759,Strawberries,2020-07-20 01:22:47.221,171105
1760,Strawberries,2020-07-20 01:22:47.220,187631
1761,Strawberries,2020-07-20 01:22:46.320,41608
1762,Strawberries,2020-07-20 01:22:46.318,894552
1763,Strawberries,2020-07-20 01:22:46.145,44528
1764,Strawberries,2020-07-20 01:22:46.143,669792
1765,Strawberries,2020-07-20 01:22:45.981,8864
1766,Strawberries,2020-07-20 01:22:45.979,81744
1767,Strawberries,2020-07-20 01:22:42.720,52527
1768,Strawberries,2020-07-20 01:22:42.716,2250263
1769,Strawberries,2020-07-20 01:22:42.721,113623
1770,Strawberries,2020-07-20 01:22:42.718,200024
1771,Strawberries,2020-07-20 01:22:41.824,31200
1772,Strawberries,2020-07-20 01:22:41.822,791280
1773,Strawberries,2020-07-20 01:22:41.712,28248
1774,Strawberries,2020-07-20 01:22:41.711,513376
1775,Strawberries,2020-07-20 01:22:41.555,10400
1776,Strawberries,2020-07-20 01:22:41.552,40672
1777,Strawberries,2020-07-20 01:22:38.368,29465
1778,Strawberries,2020-07-20 01:22:38.364,2187337
1779,Strawberries,2020-07-20 01:22:38.366,131217
1780,Strawberries,2020-07-20 01:22:38.363,171208
1781,Strawberries,2020-07-20 01:22:37.423,23352
1782,Strawberries,2020-07-20 01:22:37.422,916720
1783,Strawberries,2020-07-20 01:22:37.294,36592
1784,Strawberries,2020-07-20 01:22:37.292,829120
1785,Strawberries,2020-07-20 01:22:37.131,40456
1786,Strawberries,2020-07-20 01:22:37.128,151720
1787,Strawberries,2020-07-20 01:22:37.129,8640
1788,Strawberries,2020-07-20 01:22:33.784,79664
1789,Strawberries,2020-07-20 01:22:33.781,2545176
1790,Strawberries,2020-07-20 01:22:33.786,161623
1791,Strawberries,2020-07-20 01:22:33.783,244361
1792,Strawberries,2020-07-20 01:22:32.965,35768
1793,Strawberries,2020-07-20 01:22:32.964,1137024
1794,Strawberries,2020-07-20 01:22:32.827,51752
1795,Strawberries,2020-07-20 01:22:32.825,968432
1796,Strawberries,2020-07-20 01:22:32.673,41208
1797,Strawberries,2020-07-20 01:22:32.671,243376
1798,Strawberries,2020-07-20 01:22:29.616,5702
1799,Strawberries,2020-07-20 01:22:29.613,68512
1800,Strawberries,2020-07-20 01:22:29.611,2694839
1801,Strawberries,2020-07-20 01:22:29.614,222152
1802,Strawberries,2020-07-20 01:22:29.609,136937
1803,Strawberries,2020-07-20 01:22:28.669,45768
1804,Strawberries,2020-07-20 01:22:28.668,1398528
1805,Strawberries,2020-07-20 01:22:28.519,54784
1806,Strawberries,2020-07-20 01:22:28.518,901472
1807,Strawberries,2020-07-20 01:22:28.357,9600
1808,Strawberries,2020-07-20 01:22:28.355,225120
1809,Strawberries,2020-07-20 01:22:25.253,6521
1810,Strawberries,2020-07-20 01:22:25.250,1112921
1811,Strawberries,2020-07-20 01:22:25.251,29601
1812,Strawberries,2020-07-20 01:22:25.248,160633
1813,Strawberries,2020-07-20 01:22:24.800,28712
1814,Strawberries,2020-07-20 01:22:24.798,1321896
1815,Strawberries,2020-07-20 01:22:22.712,1346
1816,Strawberries,2020-07-20 01:22:22.129,43375
1817,Strawberries,2020-07-20 01:22:22.126,1961896
1818,Strawberries,2020-07-20 01:22:22.128,103024
1819,Strawberries,2020-07-20 01:22:22.124,145937
1820,Strawberries,2020-07-20 01:22:21.243,4
1821,Strawberries,2020-07-20 01:22:21.247,11
1822,Strawberries,2020-07-20 01:22:21.245,29
1823,Strawberries,2020-07-20 01:22:20.716,18832
1824,Strawberries,2020-07-20 01:22:20.714,1578024
1825,Strawberries,2020-07-20 01:22:19.689,21457
1826,Strawberries,2020-07-20 01:22:19.597,17608
1827,Strawberries,2020-07-20 01:22:19.593,502008
1828,Strawberries,2020-07-20 01:22:19.595,126544
1829,Strawberries,2020-07-20 01:22:19.458,21672
1830,Strawberries,2020-07-20 01:22:19.456,44160
1831,Strawberries,2020-07-20 01:22:13.494,55209
1832,Strawberries,2020-07-20 01:22:13.490,1948617
1833,Strawberries,2020-07-20 01:22:13.492,92776
1834,Strawberries,2020-07-20 01:22:13.488,106823
1835,Strawberries,2020-07-20 01:22:12.720,52112
1836,Strawberries,2020-07-20 01:22:12.719,1312256
1837,Strawberries,2020-07-20 01:22:12.576,41064
1838,Strawberries,2020-07-20 01:22:12.574,732640
1839,Strawberries,2020-07-20 01:22:12.412,38544
1840,Strawberries,2020-07-20 01:22:12.410,137376
1841,Strawberries,2020-07-20 01:22:09.266,42783
1842,Strawberries,2020-07-20 01:22:09.265,1651712
1843,Strawberries,2020-07-20 01:22:09.268,156871
1844,Strawberries,2020-07-20 01:22:09.263,184008
1845,Strawberries,2020-07-20 01:22:08.332,21936
1846,Strawberries,2020-07-20 01:22:08.330,1240648
1847,Strawberries,2020-07-20 01:22:08.216,46936
1848,Strawberries,2020-07-20 01:22:08.215,637904
1849,Strawberries,2020-07-20 01:22:08.045,1624
1850,Strawberries,2020-07-20 01:22:08.043,92856
1851,Strawberries,2020-07-20 01:22:04.635,16377
1852,Strawberries,2020-07-20 01:22:04.632,1400593
1853,Strawberries,2020-07-20 01:22:04.637,108392
1854,Strawberries,2020-07-20 01:22:04.634,213600
1855,Strawberries,2020-07-20 01:22:03.722,25336
1856,Strawberries,2020-07-20 01:22:03.720,1164648
1857,Strawberries,2020-07-20 01:22:03.565,66552
1858,Strawberries,2020-07-20 01:22:03.563,842152
1859,Strawberries,2020-07-20 01:22:03.407,31784
1860,Strawberries,2020-07-20 01:22:03.404,187808
1861,Strawberries,2020-07-20 01:22:03.406,7776
1862,Strawberries,2020-07-20 01:22:00.076,47623
1863,Strawberries,2020-07-20 01:22:00.073,1806103
1864,Strawberries,2020-07-20 01:22:00.078,142272
1865,Strawberries,2020-07-20 01:22:00.074,285056
1866,Strawberries,2020-07-20 01:21:59.301,53448
1867,Strawberries,2020-07-20 01:21:59.299,1219832
1868,Strawberries,2020-07-20 01:21:59.164,44160
1869,Strawberries,2020-07-20 01:21:59.162,995032
1870,Strawberries,2020-07-20 01:21:58.997,51768
1871,Strawberries,2020-07-20 01:21:58.996,215656
1872,Strawberries,2020-07-20 01:21:55.922,46233
1873,Strawberries,2020-07-20 01:21:55.918,1745368
1874,Strawberries,2020-07-20 01:21:55.923,237721
1875,Strawberries,2020-07-20 01:21:55.920,203529
1876,Strawberries,2020-07-20 01:21:55.000,28656
1877,Strawberries,2020-07-20 01:21:54.998,1386824
1878,Strawberries,2020-07-20 01:21:54.852,68400
1879,Strawberries,2020-07-20 01:21:54.850,972024
1880,Strawberries,2020-07-20 01:21:54.680,32608
1881,Strawberries,2020-07-20 01:21:54.678,158240
1882,Strawberries,2020-07-20 01:21:51.531,807
1883,Strawberries,2020-07-20 01:21:51.528,1029351
1884,Strawberries,2020-07-20 01:21:51.529,10824
1885,Strawberries,2020-07-20 01:21:51.526,138369
1886,Strawberries,2020-07-20 01:21:51.047,4232
1887,Strawberries,2020-07-20 01:21:51.045,1021048
1888,Strawberries,2020-07-20 01:21:50.981,15416
1889,Strawberries,2020-07-20 01:21:48.960,1346
1890,Strawberries,2020-07-20 01:21:48.962,1214
1891,Strawberries,2020-07-20 01:21:48.406,49119
1892,Strawberries,2020-07-20 01:21:48.403,2060135
1893,Strawberries,2020-07-20 01:21:48.405,129991
1894,Strawberries,2020-07-20 01:21:48.401,174695
1895,Strawberries,2020-07-20 01:21:47.174,11816
1896,Strawberries,2020-07-20 01:21:47.172,502768
1897,Strawberries,2020-07-20 01:21:46.185,36715
1898,Strawberries,2020-07-20 01:21:46.079,43544
1899,Strawberries,2020-07-20 01:21:46.077,690696
1900,Strawberries,2020-07-20 01:21:46.075,91128
1901,Strawberries,2020-07-20 01:21:45.928,7448
1902,Strawberries,2020-07-20 01:21:45.926,98336
1903,Strawberries,2020-07-20 01:21:40.248,46607
1904,Strawberries,2020-07-20 01:21:40.245,2754391
1905,Strawberries,2020-07-20 01:21:40.250,200937
1906,Strawberries,2020-07-20 01:21:40.246,370711
1907,Strawberries,2020-07-20 01:21:39.460,67856
1908,Strawberries,2020-07-20 01:21:39.459,1555432
1909,Strawberries,2020-07-20 01:21:39.321,51952
1910,Strawberries,2020-07-20 01:21:39.320,876240
1911,Strawberries,2020-07-20 01:21:39.155,20000
1912,Strawberries,2020-07-20 01:21:39.154,145480
1913,Strawberries,2020-07-20 01:21:39.152,8000
1914,Strawberries,2020-07-20 01:21:36.100,25399
1915,Strawberries,2020-07-20 01:21:36.098,2097665
1916,Strawberries,2020-07-20 01:21:36.102,180913
1917,Strawberries,2020-07-20 01:21:36.097,140688
1918,Strawberries,2020-07-20 01:21:35.367,18472
1919,Strawberries,2020-07-20 01:21:35.365,1609304
1920,Strawberries,2020-07-20 01:21:35.262,53712
1921,Strawberries,2020-07-20 01:21:35.260,712144
1922,Strawberries,2020-07-20 01:21:35.116,27776
1923,Strawberries,2020-07-20 01:21:35.113,102168
1924,Strawberries,2020-07-20 01:21:35.114,6400
1925,Strawberries,2020-07-20 01:21:32.241,22016
1926,Strawberries,2020-07-20 01:21:32.239,437104
